id,released,movie,genere,rating
1,1939,Frostbite Slash,Horror,Syntax error in formula '__legacy_if(this > min_tmp) then min + 5'
2,1970,Frostbite Slash,Horror,Syntax error in formula '__legacy_if(this > min_tmp) then min + 5'
3,1927,Thunder Strike,Sci-Fi,Syntax error in formula '__legacy_if(this > min_tmp) then min + 5'
4,1911,Shadow Dance,Drama,Syntax error in formula '__legacy_if(this > min_tmp) then min + 5'
5,2009,Frostbite Slash,Horror,Syntax error in formula '__legacy_if(this > min_tmp) then min + 5'
6,1989,Mystic Whirlwind,Fantasy,Syntax error in formula '__legacy_if(this > min_tmp) then min + 5'
7,2019,Blazing Fury,Romance,Syntax error in formula '__legacy_if(this > min_tmp) then min + 5'
8,1998,Blazing Fury,Horror,Syntax error in formula '__legacy_if(this > min_tmp) then min + 5'
9,1932,Frostbite Slash,Sci-Fi,Syntax error in formula '__legacy_if(this > min_tmp) then min + 5'
10,1963,Shadow Dance,Romance,Syntax error in formula '__legacy_if(this > min_tmp) then min + 5'
11,1917,Blazing Fury,Drama,Syntax error in formula '__legacy_if(this > min_tmp) then min + 5'
12,1935,Blazing Fury,Action,Syntax error in formula '__legacy_if(this > min_tmp) then min + 5'
13,1962,Mystic Whirlwind,Fantasy,Syntax error in formula '__legacy_if(this > min_tmp) then min + 5'
14,2002,Thunder Strike,Animation,Syntax error in formula '__legacy_if(this > min_tmp) then min + 5'
15,1909,Blazing Fury,Thriller,Syntax error in formula '__legacy_if(this > min_tmp) then min + 5'
16,1914,Blazing Fury,Romance,Syntax error in formula '__legacy_if(this > min_tmp) then min + 5'
17,1955,Blazing Fury,Fantasy,Syntax error in formula '__legacy_if(this > min_tmp) then min + 5'
18,1982,Thunder Strike,Animation,Syntax error in formula '__legacy_if(this > min_tmp) then min + 5'
19,1958,Mystic Whirlwind,Adventure,Syntax error in formula '__legacy_if(this > min_tmp) then min + 5'
20,1985,Frostbite Slash,Romance,Syntax error in formula '__legacy_if(this > min_tmp) then min + 5'
21,1951,Shadow Dance,Comedy,Syntax error in formula '__legacy_if(this > min_tmp) then min + 5'
22,1967,Blazing Fury,Sci-Fi,Syntax error in formula '__legacy_if(this > min_tmp) then min + 5'
23,2013,Blazing Fury,Thriller,Syntax error in formula '__legacy_if(this > min_tmp) then min + 5'
24,1909,Blazing Fury,Animation,Syntax error in formula '__legacy_if(this > min_tmp) then min + 5'
25,1921,Mystic Whirlwind,Horror,Syntax error in formula '__legacy_if(this > min_tmp) then min + 5'
26,2001,Shadow Dance,Sci-Fi,Syntax error in formula '__legacy_if(this > min_tmp) then min + 5'
27,1938,Mystic Whirlwind,Action,Syntax error in formula '__legacy_if(this > min_tmp) then min + 5'
28,1923,Mystic Whirlwind,Horror,Syntax error in formula '__legacy_if(this > min_tmp) then min + 5'
29,2010,Blazing Fury,Horror,Syntax error in formula '__legacy_if(this > min_tmp) then min + 5'
30,1910,Frostbite Slash,Fantasy,Syntax error in formula '__legacy_if(this > min_tmp) then min + 5'
31,1939,Mystic Whirlwind,Adventure,Syntax error in formula '__legacy_if(this > min_tmp) then min + 5'
32,1922,Frostbite Slash,Adventure,Syntax error in formula '__legacy_if(this > min_tmp) then min + 5'
33,1904,Frostbite Slash,Action,Syntax error in formula '__legacy_if(this > min_tmp) then min + 5'
34,1900,Blazing Fury,Horror,Syntax error in formula '__legacy_if(this > min_tmp) then min + 5'
35,1984,Frostbite Slash,Animation,Syntax error in formula '__legacy_if(this > min_tmp) then min + 5'
36,1975,Thunder Strike,Romance,Syntax error in formula '__legacy_if(this > min_tmp) then min + 5'
37,1946,Shadow Dance,Action,Syntax error in formula '__legacy_if(this > min_tmp) then min + 5'
38,1901,Shadow Dance,Adventure,Syntax error in formula '__legacy_if(this > min_tmp) then min + 5'
39,1932,Mystic Whirlwind,Adventure,Syntax error in formula '__legacy_if(this > min_tmp) then min + 5'
40,1968,Frostbite Slash,Animation,Syntax error in formula '__legacy_if(this > min_tmp) then min + 5'
41,1918,Blazing Fury,Thriller,Syntax error in formula '__legacy_if(this > min_tmp) then min + 5'
42,1960,Blazing Fury,Drama,Syntax error in formula '__legacy_if(this > min_tmp) then min + 5'
43,1928,Shadow Dance,Animation,Syntax error in formula '__legacy_if(this > min_tmp) then min + 5'
44,1992,Shadow Dance,Fantasy,Syntax error in formula '__legacy_if(this > min_tmp) then min + 5'
45,2002,Thunder Strike,Romance,Syntax error in formula '__legacy_if(this > min_tmp) then min + 5'
46,1975,Frostbite Slash,Fantasy,Syntax error in formula '__legacy_if(this > min_tmp) then min + 5'
47,1991,Thunder Strike,Thriller,Syntax error in formula '__legacy_if(this > min_tmp) then min + 5'
48,2021,Frostbite Slash,Comedy,Syntax error in formula '__legacy_if(this > min_tmp) then min + 5'
49,1971,Blazing Fury,Animation,Syntax error in formula '__legacy_if(this > min_tmp) then min + 5'
50,1921,Blazing Fury,Adventure,Syntax error in formula '__legacy_if(this > min_tmp) then min + 5'
51,1949,Blazing Fury,Thriller,Syntax error in formula '__legacy_if(this > min_tmp) then min + 5'
52,1915,Thunder Strike,Romance,Syntax error in formula '__legacy_if(this > min_tmp) then min + 5'
53,1999,Thunder Strike,Horror,Syntax error in formula '__legacy_if(this > min_tmp) then min + 5'
54,1928,Frostbite Slash,Thriller,Syntax error in formula '__legacy_if(this > min_tmp) then min + 5'
55,1991,Mystic Whirlwind,Drama,Syntax error in formula '__legacy_if(this > min_tmp) then min + 5'
56,1912,Thunder Strike,Animation,Syntax error in formula '__legacy_if(this > min_tmp) then min + 5'
57,2019,Blazing Fury,Action,Syntax error in formula '__legacy_if(this > min_tmp) then min + 5'
58,1923,Shadow Dance,Animation,Syntax error in formula '__legacy_if(this > min_tmp) then min + 5'
59,1967,Thunder Strike,Drama,Syntax error in formula '__legacy_if(this > min_tmp) then min + 5'
60,1911,Frostbite Slash,Animation,Syntax error in formula '__legacy_if(this > min_tmp) then min + 5'
61,2014,Shadow Dance,Action,Syntax error in formula '__legacy_if(this > min_tmp) then min + 5'
62,1995,Thunder Strike,Thriller,Syntax error in formula '__legacy_if(this > min_tmp) then min + 5'
63,1917,Frostbite Slash,Animation,Syntax error in formula '__legacy_if(this > min_tmp) then min + 5'
64,1990,Blazing Fury,Horror,Syntax error in formula '__legacy_if(this > min_tmp) then min + 5'
65,1900,Mystic Whirlwind,Comedy,Syntax error in formula '__legacy_if(this > min_tmp) then min + 5'
66,1983,Mystic Whirlwind,Drama,Syntax error in formula '__legacy_if(this > min_tmp) then min + 5'
67,1944,Frostbite Slash,Adventure,Syntax error in formula '__legacy_if(this > min_tmp) then min + 5'
68,1923,Frostbite Slash,Comedy,Syntax error in formula '__legacy_if(this > min_tmp) then min + 5'
69,1966,Thunder Strike,Adventure,Syntax error in formula '__legacy_if(this > min_tmp) then min + 5'
70,1900,Shadow Dance,Comedy,Syntax error in formula '__legacy_if(this > min_tmp) then min + 5'
71,1921,Mystic Whirlwind,Sci-Fi,Syntax error in formula '__legacy_if(this > min_tmp) then min + 5'
72,2019,Frostbite Slash,Horror,Syntax error in formula '__legacy_if(this > min_tmp) then min + 5'
73,1914,Mystic Whirlwind,Action,Syntax error in formula '__legacy_if(this > min_tmp) then min + 5'
74,1986,Frostbite Slash,Thriller,Syntax error in formula '__legacy_if(this > min_tmp) then min + 5'
75,1978,Thunder Strike,Adventure,Syntax error in formula '__legacy_if(this > min_tmp) then min + 5'
76,1917,Thunder Strike,Sci-Fi,Syntax error in formula '__legacy_if(this > min_tmp) then min + 5'
77,1919,Frostbite Slash,Sci-Fi,Syntax error in formula '__legacy_if(this > min_tmp) then min + 5'
78,2008,Mystic Whirlwind,Adventure,Syntax error in formula '__legacy_if(this > min_tmp) then min + 5'
79,1990,Shadow Dance,Sci-Fi,Syntax error in formula '__legacy_if(this > min_tmp) then min + 5'
80,2015,Blazing Fury,Romance,Syntax error in formula '__legacy_if(this > min_tmp) then min + 5'
81,1926,Shadow Dance,Action,Syntax error in formula '__legacy_if(this > min_tmp) then min + 5'
82,1920,Mystic Whirlwind,Adventure,Syntax error in formula '__legacy_if(this > min_tmp) then min + 5'
83,2014,Mystic Whirlwind,Drama,Syntax error in formula '__legacy_if(this > min_tmp) then min + 5'
84,1998,Thunder Strike,Fantasy,Syntax error in formula '__legacy_if(this > min_tmp) then min + 5'
85,1960,Shadow Dance,Drama,Syntax error in formula '__legacy_if(this > min_tmp) then min + 5'
86,2019,Frostbite Slash,Comedy,Syntax error in formula '__legacy_if(this > min_tmp) then min + 5'
87,1901,Mystic Whirlwind,Animation,Syntax error in formula '__legacy_if(this > min_tmp) then min + 5'
88,2007,Thunder Strike,Adventure,Syntax error in formula '__legacy_if(this > min_tmp) then min + 5'
89,1972,Mystic Whirlwind,Thriller,Syntax error in formula '__legacy_if(this > min_tmp) then min + 5'
90,1933,Shadow Dance,Horror,Syntax error in formula '__legacy_if(this > min_tmp) then min + 5'
91,1945,Mystic Whirlwind,Drama,Syntax error in formula '__legacy_if(this > min_tmp) then min + 5'
92,1931,Blazing Fury,Romance,Syntax error in formula '__legacy_if(this > min_tmp) then min + 5'
93,1998,Thunder Strike,Drama,Syntax error in formula '__legacy_if(this > min_tmp) then min + 5'
94,1923,Shadow Dance,Horror,Syntax error in formula '__legacy_if(this > min_tmp) then min + 5'
95,1991,Frostbite Slash,Comedy,Syntax error in formula '__legacy_if(this > min_tmp) then min + 5'
96,1958,Mystic Whirlwind,Sci-Fi,Syntax error in formula '__legacy_if(this > min_tmp) then min + 5'
97,1981,Thunder Strike,Thriller,Syntax error in formula '__legacy_if(this > min_tmp) then min + 5'
98,1981,Blazing Fury,Romance,Syntax error in formula '__legacy_if(this > min_tmp) then min + 5'
99,1961,Thunder Strike,Sci-Fi,Syntax error in formula '__legacy_if(this > min_tmp) then min + 5'
100,1992,Shadow Dance,Adventure,Syntax error in formula '__legacy_if(this > min_tmp) then min + 5'
101,2002,Shadow Dance,Horror,Syntax error in formula '__legacy_if(this > min_tmp) then min + 5'
102,1995,Shadow Dance,Sci-Fi,Syntax error in formula '__legacy_if(this > min_tmp) then min + 5'
103,1912,Mystic Whirlwind,Action,Syntax error in formula '__legacy_if(this > min_tmp) then min + 5'
104,1912,Thunder Strike,Adventure,Syntax error in formula '__legacy_if(this > min_tmp) then min + 5'
105,1982,Blazing Fury,Romance,Syntax error in formula '__legacy_if(this > min_tmp) then min + 5'
106,1961,Shadow Dance,Drama,Syntax error in formula '__legacy_if(this > min_tmp) then min + 5'
107,1986,Mystic Whirlwind,Action,Syntax error in formula '__legacy_if(this > min_tmp) then min + 5'
108,1949,Mystic Whirlwind,Action,Syntax error in formula '__legacy_if(this > min_tmp) then min + 5'
109,1971,Thunder Strike,Sci-Fi,Syntax error in formula '__legacy_if(this > min_tmp) then min + 5'
110,1969,Frostbite Slash,Horror,Syntax error in formula '__legacy_if(this > min_tmp) then min + 5'
111,1912,Mystic Whirlwind,Comedy,Syntax error in formula '__legacy_if(this > min_tmp) then min + 5'
112,1957,Blazing Fury,Fantasy,Syntax error in formula '__legacy_if(this > min_tmp) then min + 5'
113,2018,Shadow Dance,Thriller,Syntax error in formula '__legacy_if(this > min_tmp) then min + 5'
114,1952,Frostbite Slash,Horror,Syntax error in formula '__legacy_if(this > min_tmp) then min + 5'
115,1928,Mystic Whirlwind,Animation,Syntax error in formula '__legacy_if(this > min_tmp) then min + 5'
116,2001,Thunder Strike,Thriller,Syntax error in formula '__legacy_if(this > min_tmp) then min + 5'
117,1951,Frostbite Slash,Action,Syntax error in formula '__legacy_if(this > min_tmp) then min + 5'
118,2003,Frostbite Slash,Fantasy,Syntax error in formula '__legacy_if(this > min_tmp) then min + 5'
119,2021,Thunder Strike,Fantasy,Syntax error in formula '__legacy_if(this > min_tmp) then min + 5'
120,1925,Shadow Dance,Adventure,Syntax error in formula '__legacy_if(this > min_tmp) then min + 5'
121,1932,Blazing Fury,Action,Syntax error in formula '__legacy_if(this > min_tmp) then min + 5'
122,1942,Thunder Strike,Action,Syntax error in formula '__legacy_if(this > min_tmp) then min + 5'
123,1915,Shadow Dance,Fantasy,Syntax error in formula '__legacy_if(this > min_tmp) then min + 5'
124,1932,Mystic Whirlwind,Sci-Fi,Syntax error in formula '__legacy_if(this > min_tmp) then min + 5'
125,1950,Thunder Strike,Drama,Syntax error in formula '__legacy_if(this > min_tmp) then min + 5'
126,1977,Shadow Dance,Fantasy,Syntax error in formula '__legacy_if(this > min_tmp) then min + 5'
127,1967,Shadow Dance,Action,Syntax error in formula '__legacy_if(this > min_tmp) then min + 5'
128,1922,Shadow Dance,Romance,Syntax error in formula '__legacy_if(this > min_tmp) then min + 5'
129,2002,Blazing Fury,Thriller,Syntax error in formula '__legacy_if(this > min_tmp) then min + 5'
130,1911,Frostbite Slash,Animation,Syntax error in formula '__legacy_if(this > min_tmp) then min + 5'
131,2014,Mystic Whirlwind,Sci-Fi,Syntax error in formula '__legacy_if(this > min_tmp) then min + 5'
132,2008,Mystic Whirlwind,Sci-Fi,Syntax error in formula '__legacy_if(this > min_tmp) then min + 5'
133,1922,Shadow Dance,Comedy,Syntax error in formula '__legacy_if(this > min_tmp) then min + 5'
134,1936,Blazing Fury,Action,Syntax error in formula '__legacy_if(this > min_tmp) then min + 5'
135,2001,Thunder Strike,Animation,Syntax error in formula '__legacy_if(this > min_tmp) then min + 5'
136,2022,Mystic Whirlwind,Fantasy,Syntax error in formula '__legacy_if(this > min_tmp) then min + 5'
137,1971,Mystic Whirlwind,Thriller,Syntax error in formula '__legacy_if(this > min_tmp) then min + 5'
138,1949,Mystic Whirlwind,Drama,Syntax error in formula '__legacy_if(this > min_tmp) then min + 5'
139,2021,Shadow Dance,Fantasy,Syntax error in formula '__legacy_if(this > min_tmp) then min + 5'
140,2016,Shadow Dance,Sci-Fi,Syntax error in formula '__legacy_if(this > min_tmp) then min + 5'
141,1954,Thunder Strike,Drama,Syntax error in formula '__legacy_if(this > min_tmp) then min + 5'
142,1981,Frostbite Slash,Thriller,Syntax error in formula '__legacy_if(this > min_tmp) then min + 5'
143,1919,Thunder Strike,Comedy,Syntax error in formula '__legacy_if(this > min_tmp) then min + 5'
144,1942,Frostbite Slash,Comedy,Syntax error in formula '__legacy_if(this > min_tmp) then min + 5'
145,1904,Thunder Strike,Horror,Syntax error in formula '__legacy_if(this > min_tmp) then min + 5'
146,1946,Shadow Dance,Fantasy,Syntax error in formula '__legacy_if(this > min_tmp) then min + 5'
147,2011,Mystic Whirlwind,Fantasy,Syntax error in formula '__legacy_if(this > min_tmp) then min + 5'
148,1952,Mystic Whirlwind,Animation,Syntax error in formula '__legacy_if(this > min_tmp) then min + 5'
149,1942,Shadow Dance,Fantasy,Syntax error in formula '__legacy_if(this > min_tmp) then min + 5'
150,1905,Thunder Strike,Adventure,Syntax error in formula '__legacy_if(this > min_tmp) then min + 5'
151,1959,Frostbite Slash,Animation,Syntax error in formula '__legacy_if(this > min_tmp) then min + 5'
152,1934,Thunder Strike,Comedy,Syntax error in formula '__legacy_if(this > min_tmp) then min + 5'
153,1936,Shadow Dance,Comedy,Syntax error in formula '__legacy_if(this > min_tmp) then min + 5'
154,1900,Thunder Strike,Horror,Syntax error in formula '__legacy_if(this > min_tmp) then min + 5'
155,1971,Blazing Fury,Comedy,Syntax error in formula '__legacy_if(this > min_tmp) then min + 5'
156,1904,Thunder Strike,Romance,Syntax error in formula '__legacy_if(this > min_tmp) then min + 5'
157,1917,Shadow Dance,Sci-Fi,Syntax error in formula '__legacy_if(this > min_tmp) then min + 5'
158,1906,Thunder Strike,Fantasy,Syntax error in formula '__legacy_if(this > min_tmp) then min + 5'
159,1946,Mystic Whirlwind,Thriller,Syntax error in formula '__legacy_if(this > min_tmp) then min + 5'
160,2008,Shadow Dance,Drama,Syntax error in formula '__legacy_if(this > min_tmp) then min + 5'
161,1943,Shadow Dance,Animation,Syntax error in formula '__legacy_if(this > min_tmp) then min + 5'
162,1950,Shadow Dance,Sci-Fi,Syntax error in formula '__legacy_if(this > min_tmp) then min + 5'
163,1938,Shadow Dance,Thriller,Syntax error in formula '__legacy_if(this > min_tmp) then min + 5'
164,1947,Thunder Strike,Fantasy,Syntax error in formula '__legacy_if(this > min_tmp) then min + 5'
165,1997,Blazing Fury,Fantasy,Syntax error in formula '__legacy_if(this > min_tmp) then min + 5'
166,1950,Mystic Whirlwind,Fantasy,Syntax error in formula '__legacy_if(this > min_tmp) then min + 5'
167,2000,Frostbite Slash,Action,Syntax error in formula '__legacy_if(this > min_tmp) then min + 5'
168,1917,Blazing Fury,Action,Syntax error in formula '__legacy_if(this > min_tmp) then min + 5'
169,1959,Frostbite Slash,Romance,Syntax error in formula '__legacy_if(this > min_tmp) then min + 5'
170,2008,Mystic Whirlwind,Horror,Syntax error in formula '__legacy_if(this > min_tmp) then min + 5'
171,1967,Mystic Whirlwind,Thriller,Syntax error in formula '__legacy_if(this > min_tmp) then min + 5'
172,1906,Frostbite Slash,Action,Syntax error in formula '__legacy_if(this > min_tmp) then min + 5'
173,2005,Frostbite Slash,Horror,Syntax error in formula '__legacy_if(this > min_tmp) then min + 5'
174,2017,Blazing Fury,Comedy,Syntax error in formula '__legacy_if(this > min_tmp) then min + 5'
175,1954,Mystic Whirlwind,Adventure,Syntax error in formula '__legacy_if(this > min_tmp) then min + 5'
176,1980,Shadow Dance,Fantasy,Syntax error in formula '__legacy_if(this > min_tmp) then min + 5'
177,2001,Blazing Fury,Thriller,Syntax error in formula '__legacy_if(this > min_tmp) then min + 5'
178,2001,Blazing Fury,Adventure,Syntax error in formula '__legacy_if(this > min_tmp) then min + 5'
179,1991,Thunder Strike,Horror,Syntax error in formula '__legacy_if(this > min_tmp) then min + 5'
180,1991,Blazing Fury,Fantasy,Syntax error in formula '__legacy_if(this > min_tmp) then min + 5'
181,2011,Mystic Whirlwind,Sci-Fi,Syntax error in formula '__legacy_if(this > min_tmp) then min + 5'
182,1909,Mystic Whirlwind,Animation,Syntax error in formula '__legacy_if(this > min_tmp) then min + 5'
183,1992,Shadow Dance,Fantasy,Syntax error in formula '__legacy_if(this > min_tmp) then min + 5'
184,1945,Shadow Dance,Thriller,Syntax error in formula '__legacy_if(this > min_tmp) then min + 5'
185,1989,Frostbite Slash,Thriller,Syntax error in formula '__legacy_if(this > min_tmp) then min + 5'
186,2013,Blazing Fury,Drama,Syntax error in formula '__legacy_if(this > min_tmp) then min + 5'
187,2011,Mystic Whirlwind,Animation,Syntax error in formula '__legacy_if(this > min_tmp) then min + 5'
188,1945,Shadow Dance,Horror,Syntax error in formula '__legacy_if(this > min_tmp) then min + 5'
189,1908,Frostbite Slash,Horror,Syntax error in formula '__legacy_if(this > min_tmp) then min + 5'
190,2012,Blazing Fury,Romance,Syntax error in formula '__legacy_if(this > min_tmp) then min + 5'
191,1904,Blazing Fury,Action,Syntax error in formula '__legacy_if(this > min_tmp) then min + 5'
192,1969,Blazing Fury,Action,Syntax error in formula '__legacy_if(this > min_tmp) then min + 5'
193,1929,Mystic Whirlwind,Sci-Fi,Syntax error in formula '__legacy_if(this > min_tmp) then min + 5'
194,1903,Thunder Strike,Comedy,Syntax error in formula '__legacy_if(this > min_tmp) then min + 5'
195,1945,Thunder Strike,Romance,Syntax error in formula '__legacy_if(this > min_tmp) then min + 5'
196,2014,Mystic Whirlwind,Horror,Syntax error in formula '__legacy_if(this > min_tmp) then min + 5'
197,1953,Blazing Fury,Action,Syntax error in formula '__legacy_if(this > min_tmp) then min + 5'
198,1960,Thunder Strike,Thriller,Syntax error in formula '__legacy_if(this > min_tmp) then min + 5'
199,1973,Thunder Strike,Thriller,Syntax error in formula '__legacy_if(this > min_tmp) then min + 5'
200,1972,Blazing Fury,Adventure,Syntax error in formula '__legacy_if(this > min_tmp) then min + 5'
201,2001,Shadow Dance,Romance,Syntax error in formula '__legacy_if(this > min_tmp) then min + 5'
202,1968,Mystic Whirlwind,Adventure,Syntax error in formula '__legacy_if(this > min_tmp) then min + 5'
203,1981,Shadow Dance,Adventure,Syntax error in formula '__legacy_if(this > min_tmp) then min + 5'
204,1991,Mystic Whirlwind,Sci-Fi,Syntax error in formula '__legacy_if(this > min_tmp) then min + 5'
205,1928,Shadow Dance,Comedy,Syntax error in formula '__legacy_if(this > min_tmp) then min + 5'
206,1976,Frostbite Slash,Drama,Syntax error in formula '__legacy_if(this > min_tmp) then min + 5'
207,1907,Thunder Strike,Comedy,Syntax error in formula '__legacy_if(this > min_tmp) then min + 5'
208,2005,Thunder Strike,Romance,Syntax error in formula '__legacy_if(this > min_tmp) then min + 5'
209,1902,Blazing Fury,Sci-Fi,Syntax error in formula '__legacy_if(this > min_tmp) then min + 5'
210,1984,Blazing Fury,Adventure,Syntax error in formula '__legacy_if(this > min_tmp) then min + 5'
211,2012,Frostbite Slash,Fantasy,Syntax error in formula '__legacy_if(this > min_tmp) then min + 5'
212,1903,Blazing Fury,Adventure,Syntax error in formula '__legacy_if(this > min_tmp) then min + 5'
213,2020,Mystic Whirlwind,Horror,Syntax error in formula '__legacy_if(this > min_tmp) then min + 5'
214,1920,Shadow Dance,Animation,Syntax error in formula '__legacy_if(this > min_tmp) then min + 5'
215,2015,Blazing Fury,Thriller,Syntax error in formula '__legacy_if(this > min_tmp) then min + 5'
216,2007,Shadow Dance,Horror,Syntax error in formula '__legacy_if(this > min_tmp) then min + 5'
217,1925,Mystic Whirlwind,Action,Syntax error in formula '__legacy_if(this > min_tmp) then min + 5'
218,2014,Mystic Whirlwind,Horror,Syntax error in formula '__legacy_if(this > min_tmp) then min + 5'
219,1958,Shadow Dance,Comedy,Syntax error in formula '__legacy_if(this > min_tmp) then min + 5'
220,1941,Mystic Whirlwind,Romance,Syntax error in formula '__legacy_if(this > min_tmp) then min + 5'
221,1907,Frostbite Slash,Comedy,Syntax error in formula '__legacy_if(this > min_tmp) then min + 5'
222,1960,Thunder Strike,Animation,Syntax error in formula '__legacy_if(this > min_tmp) then min + 5'
223,1980,Blazing Fury,Adventure,Syntax error in formula '__legacy_if(this > min_tmp) then min + 5'
224,2005,Blazing Fury,Drama,Syntax error in formula '__legacy_if(this > min_tmp) then min + 5'
225,1903,Shadow Dance,Romance,Syntax error in formula '__legacy_if(this > min_tmp) then min + 5'
226,1950,Blazing Fury,Romance,Syntax error in formula '__legacy_if(this > min_tmp) then min + 5'
227,1970,Frostbite Slash,Thriller,Syntax error in formula '__legacy_if(this > min_tmp) then min + 5'
228,1931,Shadow Dance,Thriller,Syntax error in formula '__legacy_if(this > min_tmp) then min + 5'
229,2005,Frostbite Slash,Drama,Syntax error in formula '__legacy_if(this > min_tmp) then min + 5'
230,1989,Frostbite Slash,Romance,Syntax error in formula '__legacy_if(this > min_tmp) then min + 5'
231,1973,Blazing Fury,Romance,Syntax error in formula '__legacy_if(this > min_tmp) then min + 5'
232,1904,Thunder Strike,Action,Syntax error in formula '__legacy_if(this > min_tmp) then min + 5'
233,1917,Shadow Dance,Action,Syntax error in formula '__legacy_if(this > min_tmp) then min + 5'
234,1917,Frostbite Slash,Thriller,Syntax error in formula '__legacy_if(this > min_tmp) then min + 5'
235,1925,Shadow Dance,Romance,Syntax error in formula '__legacy_if(this > min_tmp) then min + 5'
236,2005,Blazing Fury,Horror,Syntax error in formula '__legacy_if(this > min_tmp) then min + 5'
237,1950,Mystic Whirlwind,Comedy,Syntax error in formula '__legacy_if(this > min_tmp) then min + 5'
238,2012,Mystic Whirlwind,Fantasy,Syntax error in formula '__legacy_if(this > min_tmp) then min + 5'
239,1972,Blazing Fury,Action,Syntax error in formula '__legacy_if(this > min_tmp) then min + 5'
240,1912,Frostbite Slash,Drama,Syntax error in formula '__legacy_if(this > min_tmp) then min + 5'
241,2019,Mystic Whirlwind,Thriller,Syntax error in formula '__legacy_if(this > min_tmp) then min + 5'
242,1929,Blazing Fury,Drama,Syntax error in formula '__legacy_if(this > min_tmp) then min + 5'
243,2017,Blazing Fury,Horror,Syntax error in formula '__legacy_if(this > min_tmp) then min + 5'
244,1944,Shadow Dance,Animation,Syntax error in formula '__legacy_if(this > min_tmp) then min + 5'
245,1977,Blazing Fury,Thriller,Syntax error in formula '__legacy_if(this > min_tmp) then min + 5'
246,2019,Mystic Whirlwind,Action,Syntax error in formula '__legacy_if(this > min_tmp) then min + 5'
247,1912,Blazing Fury,Animation,Syntax error in formula '__legacy_if(this > min_tmp) then min + 5'
248,1971,Thunder Strike,Drama,Syntax error in formula '__legacy_if(this > min_tmp) then min + 5'
249,1928,Shadow Dance,Animation,Syntax error in formula '__legacy_if(this > min_tmp) then min + 5'
250,1920,Frostbite Slash,Sci-Fi,Syntax error in formula '__legacy_if(this > min_tmp) then min + 5'
251,1983,Blazing Fury,Fantasy,Syntax error in formula '__legacy_if(this > min_tmp) then min + 5'
252,2004,Frostbite Slash,Adventure,Syntax error in formula '__legacy_if(this > min_tmp) then min + 5'
253,1997,Mystic Whirlwind,Fantasy,Syntax error in formula '__legacy_if(this > min_tmp) then min + 5'
254,1962,Shadow Dance,Comedy,Syntax error in formula '__legacy_if(this > min_tmp) then min + 5'
255,2010,Blazing Fury,Sci-Fi,Syntax error in formula '__legacy_if(this > min_tmp) then min + 5'
256,2022,Shadow Dance,Adventure,Syntax error in formula '__legacy_if(this > min_tmp) then min + 5'
257,1973,Mystic Whirlwind,Thriller,Syntax error in formula '__legacy_if(this > min_tmp) then min + 5'
258,1955,Shadow Dance,Comedy,Syntax error in formula '__legacy_if(this > min_tmp) then min + 5'
259,1990,Blazing Fury,Horror,Syntax error in formula '__legacy_if(this > min_tmp) then min + 5'
260,1958,Frostbite Slash,Drama,Syntax error in formula '__legacy_if(this > min_tmp) then min + 5'
261,2010,Mystic Whirlwind,Comedy,Syntax error in formula '__legacy_if(this > min_tmp) then min + 5'
262,2017,Thunder Strike,Thriller,Syntax error in formula '__legacy_if(this > min_tmp) then min + 5'
263,1991,Blazing Fury,Drama,Syntax error in formula '__legacy_if(this > min_tmp) then min + 5'
264,1984,Thunder Strike,Romance,Syntax error in formula '__legacy_if(this > min_tmp) then min + 5'
265,1996,Mystic Whirlwind,Comedy,Syntax error in formula '__legacy_if(this > min_tmp) then min + 5'
266,1963,Shadow Dance,Comedy,Syntax error in formula '__legacy_if(this > min_tmp) then min + 5'
267,1928,Mystic Whirlwind,Action,Syntax error in formula '__legacy_if(this > min_tmp) then min + 5'
268,1934,Mystic Whirlwind,Romance,Syntax error in formula '__legacy_if(this > min_tmp) then min + 5'
269,1922,Shadow Dance,Romance,Syntax error in formula '__legacy_if(this > min_tmp) then min + 5'
270,1931,Frostbite Slash,Action,Syntax error in formula '__legacy_if(this > min_tmp) then min + 5'
271,1906,Frostbite Slash,Drama,Syntax error in formula '__legacy_if(this > min_tmp) then min + 5'
272,1958,Shadow Dance,Action,Syntax error in formula '__legacy_if(this > min_tmp) then min + 5'
273,1981,Thunder Strike,Romance,Syntax error in formula '__legacy_if(this > min_tmp) then min + 5'
274,1957,Frostbite Slash,Romance,Syntax error in formula '__legacy_if(this > min_tmp) then min + 5'
275,1999,Frostbite Slash,Fantasy,Syntax error in formula '__legacy_if(this > min_tmp) then min + 5'
276,1942,Thunder Strike,Sci-Fi,Syntax error in formula '__legacy_if(this > min_tmp) then min + 5'
277,2000,Mystic Whirlwind,Drama,Syntax error in formula '__legacy_if(this > min_tmp) then min + 5'
278,2005,Blazing Fury,Romance,Syntax error in formula '__legacy_if(this > min_tmp) then min + 5'
279,1915,Shadow Dance,Romance,Syntax error in formula '__legacy_if(this > min_tmp) then min + 5'
280,1972,Frostbite Slash,Fantasy,Syntax error in formula '__legacy_if(this > min_tmp) then min + 5'
281,1931,Shadow Dance,Horror,Syntax error in formula '__legacy_if(this > min_tmp) then min + 5'
282,1939,Shadow Dance,Comedy,Syntax error in formula '__legacy_if(this > min_tmp) then min + 5'
283,1989,Shadow Dance,Horror,Syntax error in formula '__legacy_if(this > min_tmp) then min + 5'
284,1984,Blazing Fury,Drama,Syntax error in formula '__legacy_if(this > min_tmp) then min + 5'
285,1925,Mystic Whirlwind,Fantasy,Syntax error in formula '__legacy_if(this > min_tmp) then min + 5'
286,1979,Frostbite Slash,Adventure,Syntax error in formula '__legacy_if(this > min_tmp) then min + 5'
287,2005,Thunder Strike,Animation,Syntax error in formula '__legacy_if(this > min_tmp) then min + 5'
288,1910,Mystic Whirlwind,Sci-Fi,Syntax error in formula '__legacy_if(this > min_tmp) then min + 5'
289,1909,Thunder Strike,Action,Syntax error in formula '__legacy_if(this > min_tmp) then min + 5'
290,1913,Blazing Fury,Thriller,Syntax error in formula '__legacy_if(this > min_tmp) then min + 5'
291,1966,Thunder Strike,Drama,Syntax error in formula '__legacy_if(this > min_tmp) then min + 5'
292,1965,Mystic Whirlwind,Romance,Syntax error in formula '__legacy_if(this > min_tmp) then min + 5'
293,1940,Frostbite Slash,Romance,Syntax error in formula '__legacy_if(this > min_tmp) then min + 5'
294,1984,Blazing Fury,Action,Syntax error in formula '__legacy_if(this > min_tmp) then min + 5'
295,1959,Shadow Dance,Animation,Syntax error in formula '__legacy_if(this > min_tmp) then min + 5'
296,1947,Mystic Whirlwind,Horror,Syntax error in formula '__legacy_if(this > min_tmp) then min + 5'
297,1920,Mystic Whirlwind,Drama,Syntax error in formula '__legacy_if(this > min_tmp) then min + 5'
298,1911,Blazing Fury,Adventure,Syntax error in formula '__legacy_if(this > min_tmp) then min + 5'
299,1935,Shadow Dance,Fantasy,Syntax error in formula '__legacy_if(this > min_tmp) then min + 5'
300,2002,Blazing Fury,Thriller,Syntax error in formula '__legacy_if(this > min_tmp) then min + 5'
301,1998,Shadow Dance,Fantasy,Syntax error in formula '__legacy_if(this > min_tmp) then min + 5'
302,1923,Blazing Fury,Comedy,Syntax error in formula '__legacy_if(this > min_tmp) then min + 5'
303,1990,Blazing Fury,Animation,Syntax error in formula '__legacy_if(this > min_tmp) then min + 5'
304,1915,Shadow Dance,Animation,Syntax error in formula '__legacy_if(this > min_tmp) then min + 5'
305,2012,Mystic Whirlwind,Horror,Syntax error in formula '__legacy_if(this > min_tmp) then min + 5'
306,1920,Thunder Strike,Adventure,Syntax error in formula '__legacy_if(this > min_tmp) then min + 5'
307,1969,Mystic Whirlwind,Action,Syntax error in formula '__legacy_if(this > min_tmp) then min + 5'
308,1923,Shadow Dance,Animation,Syntax error in formula '__legacy_if(this > min_tmp) then min + 5'
309,1939,Shadow Dance,Romance,Syntax error in formula '__legacy_if(this > min_tmp) then min + 5'
310,1943,Frostbite Slash,Thriller,Syntax error in formula '__legacy_if(this > min_tmp) then min + 5'
311,1971,Frostbite Slash,Fantasy,Syntax error in formula '__legacy_if(this > min_tmp) then min + 5'
312,1911,Blazing Fury,Comedy,Syntax error in formula '__legacy_if(this > min_tmp) then min + 5'
313,1949,Blazing Fury,Action,Syntax error in formula '__legacy_if(this > min_tmp) then min + 5'
314,1982,Shadow Dance,Romance,Syntax error in formula '__legacy_if(this > min_tmp) then min + 5'
315,1919,Frostbite Slash,Adventure,Syntax error in formula '__legacy_if(this > min_tmp) then min + 5'
316,1973,Thunder Strike,Romance,Syntax error in formula '__legacy_if(this > min_tmp) then min + 5'
317,1946,Shadow Dance,Action,Syntax error in formula '__legacy_if(this > min_tmp) then min + 5'
318,1971,Thunder Strike,Horror,Syntax error in formula '__legacy_if(this > min_tmp) then min + 5'
319,1996,Shadow Dance,Adventure,Syntax error in formula '__legacy_if(this > min_tmp) then min + 5'
320,1927,Shadow Dance,Adventure,Syntax error in formula '__legacy_if(this > min_tmp) then min + 5'
321,2020,Shadow Dance,Adventure,Syntax error in formula '__legacy_if(this > min_tmp) then min + 5'
322,2018,Thunder Strike,Animation,Syntax error in formula '__legacy_if(this > min_tmp) then min + 5'
323,1992,Mystic Whirlwind,Adventure,Syntax error in formula '__legacy_if(this > min_tmp) then min + 5'
324,1931,Frostbite Slash,Comedy,Syntax error in formula '__legacy_if(this > min_tmp) then min + 5'
325,2016,Frostbite Slash,Horror,Syntax error in formula '__legacy_if(this > min_tmp) then min + 5'
326,1984,Mystic Whirlwind,Sci-Fi,Syntax error in formula '__legacy_if(this > min_tmp) then min + 5'
327,1940,Blazing Fury,Romance,Syntax error in formula '__legacy_if(this > min_tmp) then min + 5'
328,1904,Shadow Dance,Romance,Syntax error in formula '__legacy_if(this > min_tmp) then min + 5'
329,2001,Blazing Fury,Action,Syntax error in formula '__legacy_if(this > min_tmp) then min + 5'
330,1990,Shadow Dance,Drama,Syntax error in formula '__legacy_if(this > min_tmp) then min + 5'
331,1905,Shadow Dance,Thriller,Syntax error in formula '__legacy_if(this > min_tmp) then min + 5'
332,1910,Shadow Dance,Comedy,Syntax error in formula '__legacy_if(this > min_tmp) then min + 5'
333,1985,Blazing Fury,Action,Syntax error in formula '__legacy_if(this > min_tmp) then min + 5'
334,1969,Frostbite Slash,Animation,Syntax error in formula '__legacy_if(this > min_tmp) then min + 5'
335,1926,Frostbite Slash,Comedy,Syntax error in formula '__legacy_if(this > min_tmp) then min + 5'
336,1956,Blazing Fury,Horror,Syntax error in formula '__legacy_if(this > min_tmp) then min + 5'
337,2005,Blazing Fury,Comedy,Syntax error in formula '__legacy_if(this > min_tmp) then min + 5'
338,1946,Thunder Strike,Fantasy,Syntax error in formula '__legacy_if(this > min_tmp) then min + 5'
339,1912,Mystic Whirlwind,Sci-Fi,Syntax error in formula '__legacy_if(this > min_tmp) then min + 5'
340,1988,Mystic Whirlwind,Thriller,Syntax error in formula '__legacy_if(this > min_tmp) then min + 5'
341,1991,Shadow Dance,Drama,Syntax error in formula '__legacy_if(this > min_tmp) then min + 5'
342,1958,Shadow Dance,Sci-Fi,Syntax error in formula '__legacy_if(this > min_tmp) then min + 5'
343,1946,Blazing Fury,Adventure,Syntax error in formula '__legacy_if(this > min_tmp) then min + 5'
344,1985,Mystic Whirlwind,Drama,Syntax error in formula '__legacy_if(this > min_tmp) then min + 5'
345,2019,Thunder Strike,Drama,Syntax error in formula '__legacy_if(this > min_tmp) then min + 5'
346,1940,Shadow Dance,Comedy,Syntax error in formula '__legacy_if(this > min_tmp) then min + 5'
347,1915,Frostbite Slash,Action,Syntax error in formula '__legacy_if(this > min_tmp) then min + 5'
348,1943,Mystic Whirlwind,Sci-Fi,Syntax error in formula '__legacy_if(this > min_tmp) then min + 5'
349,1958,Mystic Whirlwind,Animation,Syntax error in formula '__legacy_if(this > min_tmp) then min + 5'
350,1916,Blazing Fury,Thriller,Syntax error in formula '__legacy_if(this > min_tmp) then min + 5'
351,1972,Shadow Dance,Adventure,Syntax error in formula '__legacy_if(this > min_tmp) then min + 5'
352,1934,Mystic Whirlwind,Thriller,Syntax error in formula '__legacy_if(this > min_tmp) then min + 5'
353,2021,Frostbite Slash,Fantasy,Syntax error in formula '__legacy_if(this > min_tmp) then min + 5'
354,1919,Thunder Strike,Comedy,Syntax error in formula '__legacy_if(this > min_tmp) then min + 5'
355,1933,Blazing Fury,Thriller,Syntax error in formula '__legacy_if(this > min_tmp) then min + 5'
356,1904,Shadow Dance,Romance,Syntax error in formula '__legacy_if(this > min_tmp) then min + 5'
357,1940,Shadow Dance,Drama,Syntax error in formula '__legacy_if(this > min_tmp) then min + 5'
358,1976,Shadow Dance,Fantasy,Syntax error in formula '__legacy_if(this > min_tmp) then min + 5'
359,1904,Thunder Strike,Comedy,Syntax error in formula '__legacy_if(this > min_tmp) then min + 5'
360,1961,Shadow Dance,Romance,Syntax error in formula '__legacy_if(this > min_tmp) then min + 5'
361,1998,Mystic Whirlwind,Thriller,Syntax error in formula '__legacy_if(this > min_tmp) then min + 5'
362,1975,Shadow Dance,Adventure,Syntax error in formula '__legacy_if(this > min_tmp) then min + 5'
363,1944,Frostbite Slash,Drama,Syntax error in formula '__legacy_if(this > min_tmp) then min + 5'
364,1901,Frostbite Slash,Sci-Fi,Syntax error in formula '__legacy_if(this > min_tmp) then min + 5'
365,2014,Thunder Strike,Horror,Syntax error in formula '__legacy_if(this > min_tmp) then min + 5'
366,2014,Frostbite Slash,Romance,Syntax error in formula '__legacy_if(this > min_tmp) then min + 5'
367,2008,Frostbite Slash,Sci-Fi,Syntax error in formula '__legacy_if(this > min_tmp) then min + 5'
368,1911,Shadow Dance,Animation,Syntax error in formula '__legacy_if(this > min_tmp) then min + 5'
369,1935,Frostbite Slash,Fantasy,Syntax error in formula '__legacy_if(this > min_tmp) then min + 5'
370,1906,Shadow Dance,Animation,Syntax error in formula '__legacy_if(this > min_tmp) then min + 5'
371,1911,Shadow Dance,Adventure,Syntax error in formula '__legacy_if(this > min_tmp) then min + 5'
372,1987,Frostbite Slash,Action,Syntax error in formula '__legacy_if(this > min_tmp) then min + 5'
373,1920,Shadow Dance,Horror,Syntax error in formula '__legacy_if(this > min_tmp) then min + 5'
374,2020,Frostbite Slash,Thriller,Syntax error in formula '__legacy_if(this > min_tmp) then min + 5'
375,1952,Blazing Fury,Adventure,Syntax error in formula '__legacy_if(this > min_tmp) then min + 5'
376,1911,Blazing Fury,Thriller,Syntax error in formula '__legacy_if(this > min_tmp) then min + 5'
377,1961,Mystic Whirlwind,Fantasy,Syntax error in formula '__legacy_if(this > min_tmp) then min + 5'
378,1908,Thunder Strike,Sci-Fi,Syntax error in formula '__legacy_if(this > min_tmp) then min + 5'
379,1912,Thunder Strike,Drama,Syntax error in formula '__legacy_if(this > min_tmp) then min + 5'
380,2010,Thunder Strike,Action,Syntax error in formula '__legacy_if(this > min_tmp) then min + 5'
381,1997,Mystic Whirlwind,Comedy,Syntax error in formula '__legacy_if(this > min_tmp) then min + 5'
382,1984,Frostbite Slash,Adventure,Syntax error in formula '__legacy_if(this > min_tmp) then min + 5'
383,1931,Shadow Dance,Thriller,Syntax error in formula '__legacy_if(this > min_tmp) then min + 5'
384,2019,Blazing Fury,Sci-Fi,Syntax error in formula '__legacy_if(this > min_tmp) then min + 5'
385,1953,Shadow Dance,Adventure,Syntax error in formula '__legacy_if(this > min_tmp) then min + 5'
386,1999,Thunder Strike,Sci-Fi,Syntax error in formula '__legacy_if(this > min_tmp) then min + 5'
387,2022,Frostbite Slash,Thriller,Syntax error in formula '__legacy_if(this > min_tmp) then min + 5'
388,1966,Blazing Fury,Animation,Syntax error in formula '__legacy_if(this > min_tmp) then min + 5'
389,1960,Mystic Whirlwind,Romance,Syntax error in formula '__legacy_if(this > min_tmp) then min + 5'
390,1932,Mystic Whirlwind,Horror,Syntax error in formula '__legacy_if(this > min_tmp) then min + 5'
391,1918,Thunder Strike,Adventure,Syntax error in formula '__legacy_if(this > min_tmp) then min + 5'
392,1915,Frostbite Slash,Sci-Fi,Syntax error in formula '__legacy_if(this > min_tmp) then min + 5'
393,1963,Thunder Strike,Action,Syntax error in formula '__legacy_if(this > min_tmp) then min + 5'
394,1900,Frostbite Slash,Adventure,Syntax error in formula '__legacy_if(this > min_tmp) then min + 5'
395,1952,Thunder Strike,Sci-Fi,Syntax error in formula '__legacy_if(this > min_tmp) then min + 5'
396,1901,Mystic Whirlwind,Thriller,Syntax error in formula '__legacy_if(this > min_tmp) then min + 5'
397,1969,Shadow Dance,Comedy,Syntax error in formula '__legacy_if(this > min_tmp) then min + 5'
398,2013,Mystic Whirlwind,Sci-Fi,Syntax error in formula '__legacy_if(this > min_tmp) then min + 5'
399,1954,Shadow Dance,Horror,Syntax error in formula '__legacy_if(this > min_tmp) then min + 5'
400,1902,Blazing Fury,Drama,Syntax error in formula '__legacy_if(this > min_tmp) then min + 5'
401,1953,Shadow Dance,Action,Syntax error in formula '__legacy_if(this > min_tmp) then min + 5'
402,1909,Frostbite Slash,Fantasy,Syntax error in formula '__legacy_if(this > min_tmp) then min + 5'
403,1965,Shadow Dance,Action,Syntax error in formula '__legacy_if(this > min_tmp) then min + 5'
404,1907,Mystic Whirlwind,Horror,Syntax error in formula '__legacy_if(this > min_tmp) then min + 5'
405,1901,Thunder Strike,Animation,Syntax error in formula '__legacy_if(this > min_tmp) then min + 5'
406,2011,Shadow Dance,Romance,Syntax error in formula '__legacy_if(this > min_tmp) then min + 5'
407,2007,Thunder Strike,Sci-Fi,Syntax error in formula '__legacy_if(this > min_tmp) then min + 5'
408,1919,Frostbite Slash,Animation,Syntax error in formula '__legacy_if(this > min_tmp) then min + 5'
409,1950,Shadow Dance,Thriller,Syntax error in formula '__legacy_if(this > min_tmp) then min + 5'
410,1995,Frostbite Slash,Adventure,Syntax error in formula '__legacy_if(this > min_tmp) then min + 5'
411,1959,Mystic Whirlwind,Horror,Syntax error in formula '__legacy_if(this > min_tmp) then min + 5'
412,1966,Shadow Dance,Sci-Fi,Syntax error in formula '__legacy_if(this > min_tmp) then min + 5'
413,2010,Frostbite Slash,Fantasy,Syntax error in formula '__legacy_if(this > min_tmp) then min + 5'
414,2014,Thunder Strike,Horror,Syntax error in formula '__legacy_if(this > min_tmp) then min + 5'
415,1944,Thunder Strike,Fantasy,Syntax error in formula '__legacy_if(this > min_tmp) then min + 5'
416,1978,Thunder Strike,Fantasy,Syntax error in formula '__legacy_if(this > min_tmp) then min + 5'
417,1969,Frostbite Slash,Action,Syntax error in formula '__legacy_if(this > min_tmp) then min + 5'
418,1914,Frostbite Slash,Animation,Syntax error in formula '__legacy_if(this > min_tmp) then min + 5'
419,1935,Thunder Strike,Animation,Syntax error in formula '__legacy_if(this > min_tmp) then min + 5'
420,1989,Thunder Strike,Comedy,Syntax error in formula '__legacy_if(this > min_tmp) then min + 5'
421,1967,Shadow Dance,Adventure,Syntax error in formula '__legacy_if(this > min_tmp) then min + 5'
422,1995,Thunder Strike,Horror,Syntax error in formula '__legacy_if(this > min_tmp) then min + 5'
423,1978,Blazing Fury,Fantasy,Syntax error in formula '__legacy_if(this > min_tmp) then min + 5'
424,1972,Shadow Dance,Horror,Syntax error in formula '__legacy_if(this > min_tmp) then min + 5'
425,1972,Mystic Whirlwind,Animation,Syntax error in formula '__legacy_if(this > min_tmp) then min + 5'
426,1962,Frostbite Slash,Drama,Syntax error in formula '__legacy_if(this > min_tmp) then min + 5'
427,1991,Shadow Dance,Sci-Fi,Syntax error in formula '__legacy_if(this > min_tmp) then min + 5'
428,1926,Frostbite Slash,Comedy,Syntax error in formula '__legacy_if(this > min_tmp) then min + 5'
429,1905,Shadow Dance,Action,Syntax error in formula '__legacy_if(this > min_tmp) then min + 5'
430,1934,Thunder Strike,Action,Syntax error in formula '__legacy_if(this > min_tmp) then min + 5'
431,1940,Frostbite Slash,Romance,Syntax error in formula '__legacy_if(this > min_tmp) then min + 5'
432,1968,Shadow Dance,Sci-Fi,Syntax error in formula '__legacy_if(this > min_tmp) then min + 5'
433,1963,Mystic Whirlwind,Fantasy,Syntax error in formula '__legacy_if(this > min_tmp) then min + 5'
434,1985,Blazing Fury,Action,Syntax error in formula '__legacy_if(this > min_tmp) then min + 5'
435,1951,Shadow Dance,Thriller,Syntax error in formula '__legacy_if(this > min_tmp) then min + 5'
436,1948,Blazing Fury,Horror,Syntax error in formula '__legacy_if(this > min_tmp) then min + 5'
437,1900,Mystic Whirlwind,Comedy,Syntax error in formula '__legacy_if(this > min_tmp) then min + 5'
438,1902,Frostbite Slash,Thriller,Syntax error in formula '__legacy_if(this > min_tmp) then min + 5'
439,1959,Frostbite Slash,Adventure,Syntax error in formula '__legacy_if(this > min_tmp) then min + 5'
440,1901,Thunder Strike,Sci-Fi,Syntax error in formula '__legacy_if(this > min_tmp) then min + 5'
441,2017,Mystic Whirlwind,Drama,Syntax error in formula '__legacy_if(this > min_tmp) then min + 5'
442,1997,Thunder Strike,Comedy,Syntax error in formula '__legacy_if(this > min_tmp) then min + 5'
443,1954,Frostbite Slash,Fantasy,Syntax error in formula '__legacy_if(this > min_tmp) then min + 5'
444,1990,Shadow Dance,Sci-Fi,Syntax error in formula '__legacy_if(this > min_tmp) then min + 5'
445,2009,Mystic Whirlwind,Sci-Fi,Syntax error in formula '__legacy_if(this > min_tmp) then min + 5'
446,1942,Thunder Strike,Comedy,Syntax error in formula '__legacy_if(this > min_tmp) then min + 5'
447,1954,Thunder Strike,Horror,Syntax error in formula '__legacy_if(this > min_tmp) then min + 5'
448,1909,Mystic Whirlwind,Adventure,Syntax error in formula '__legacy_if(this > min_tmp) then min + 5'
449,2016,Frostbite Slash,Romance,Syntax error in formula '__legacy_if(this > min_tmp) then min + 5'
450,1947,Shadow Dance,Romance,Syntax error in formula '__legacy_if(this > min_tmp) then min + 5'
451,2003,Mystic Whirlwind,Drama,Syntax error in formula '__legacy_if(this > min_tmp) then min + 5'
452,1927,Mystic Whirlwind,Sci-Fi,Syntax error in formula '__legacy_if(this > min_tmp) then min + 5'
453,1904,Shadow Dance,Horror,Syntax error in formula '__legacy_if(this > min_tmp) then min + 5'
454,2008,Blazing Fury,Fantasy,Syntax error in formula '__legacy_if(this > min_tmp) then min + 5'
455,1975,Shadow Dance,Fantasy,Syntax error in formula '__legacy_if(this > min_tmp) then min + 5'
456,2014,Shadow Dance,Sci-Fi,Syntax error in formula '__legacy_if(this > min_tmp) then min + 5'
457,1928,Blazing Fury,Sci-Fi,Syntax error in formula '__legacy_if(this > min_tmp) then min + 5'
458,2009,Frostbite Slash,Fantasy,Syntax error in formula '__legacy_if(this > min_tmp) then min + 5'
459,1964,Blazing Fury,Thriller,Syntax error in formula '__legacy_if(this > min_tmp) then min + 5'
460,1945,Frostbite Slash,Animation,Syntax error in formula '__legacy_if(this > min_tmp) then min + 5'
461,1951,Shadow Dance,Action,Syntax error in formula '__legacy_if(this > min_tmp) then min + 5'
462,1987,Shadow Dance,Drama,Syntax error in formula '__legacy_if(this > min_tmp) then min + 5'
463,1937,Shadow Dance,Sci-Fi,Syntax error in formula '__legacy_if(this > min_tmp) then min + 5'
464,2006,Blazing Fury,Fantasy,Syntax error in formula '__legacy_if(this > min_tmp) then min + 5'
465,2013,Mystic Whirlwind,Comedy,Syntax error in formula '__legacy_if(this > min_tmp) then min + 5'
466,2019,Shadow Dance,Action,Syntax error in formula '__legacy_if(this > min_tmp) then min + 5'
467,1929,Shadow Dance,Action,Syntax error in formula '__legacy_if(this > min_tmp) then min + 5'
468,1904,Blazing Fury,Fantasy,Syntax error in formula '__legacy_if(this > min_tmp) then min + 5'
469,1996,Thunder Strike,Comedy,Syntax error in formula '__legacy_if(this > min_tmp) then min + 5'
470,1914,Shadow Dance,Adventure,Syntax error in formula '__legacy_if(this > min_tmp) then min + 5'
471,1936,Blazing Fury,Fantasy,Syntax error in formula '__legacy_if(this > min_tmp) then min + 5'
472,2019,Thunder Strike,Comedy,Syntax error in formula '__legacy_if(this > min_tmp) then min + 5'
473,1998,Frostbite Slash,Fantasy,Syntax error in formula '__legacy_if(this > min_tmp) then min + 5'
474,1970,Mystic Whirlwind,Adventure,Syntax error in formula '__legacy_if(this > min_tmp) then min + 5'
475,1986,Mystic Whirlwind,Fantasy,Syntax error in formula '__legacy_if(this > min_tmp) then min + 5'
476,1993,Frostbite Slash,Animation,Syntax error in formula '__legacy_if(this > min_tmp) then min + 5'
477,1982,Frostbite Slash,Animation,Syntax error in formula '__legacy_if(this > min_tmp) then min + 5'
478,1928,Shadow Dance,Drama,Syntax error in formula '__legacy_if(this > min_tmp) then min + 5'
479,1953,Blazing Fury,Fantasy,Syntax error in formula '__legacy_if(this > min_tmp) then min + 5'
480,1992,Mystic Whirlwind,Animation,Syntax error in formula '__legacy_if(this > min_tmp) then min + 5'
481,1961,Mystic Whirlwind,Adventure,Syntax error in formula '__legacy_if(this > min_tmp) then min + 5'
482,1960,Frostbite Slash,Thriller,Syntax error in formula '__legacy_if(this > min_tmp) then min + 5'
483,2014,Thunder Strike,Comedy,Syntax error in formula '__legacy_if(this > min_tmp) then min + 5'
484,1976,Shadow Dance,Drama,Syntax error in formula '__legacy_if(this > min_tmp) then min + 5'
485,1905,Frostbite Slash,Animation,Syntax error in formula '__legacy_if(this > min_tmp) then min + 5'
486,1932,Blazing Fury,Animation,Syntax error in formula '__legacy_if(this > min_tmp) then min + 5'
487,1961,Thunder Strike,Thriller,Syntax error in formula '__legacy_if(this > min_tmp) then min + 5'
488,1932,Frostbite Slash,Action,Syntax error in formula '__legacy_if(this > min_tmp) then min + 5'
489,1959,Blazing Fury,Sci-Fi,Syntax error in formula '__legacy_if(this > min_tmp) then min + 5'
490,1955,Frostbite Slash,Sci-Fi,Syntax error in formula '__legacy_if(this > min_tmp) then min + 5'
491,1979,Shadow Dance,Adventure,Syntax error in formula '__legacy_if(this > min_tmp) then min + 5'
492,2008,Thunder Strike,Animation,Syntax error in formula '__legacy_if(this > min_tmp) then min + 5'
493,1909,Blazing Fury,Thriller,Syntax error in formula '__legacy_if(this > min_tmp) then min + 5'
494,1992,Shadow Dance,Comedy,Syntax error in formula '__legacy_if(this > min_tmp) then min + 5'
495,1903,Thunder Strike,Comedy,Syntax error in formula '__legacy_if(this > min_tmp) then min + 5'
496,1973,Mystic Whirlwind,Adventure,Syntax error in formula '__legacy_if(this > min_tmp) then min + 5'
497,2001,Shadow Dance,Romance,Syntax error in formula '__legacy_if(this > min_tmp) then min + 5'
498,1950,Blazing Fury,Drama,Syntax error in formula '__legacy_if(this > min_tmp) then min + 5'
499,1995,Blazing Fury,Thriller,Syntax error in formula '__legacy_if(this > min_tmp) then min + 5'
500,2010,Mystic Whirlwind,Sci-Fi,Syntax error in formula '__legacy_if(this > min_tmp) then min + 5'
501,1982,Thunder Strike,Animation,Syntax error in formula '__legacy_if(this > min_tmp) then min + 5'
502,2015,Blazing Fury,Fantasy,Syntax error in formula '__legacy_if(this > min_tmp) then min + 5'
503,1961,Frostbite Slash,Animation,Syntax error in formula '__legacy_if(this > min_tmp) then min + 5'
504,1960,Mystic Whirlwind,Comedy,Syntax error in formula '__legacy_if(this > min_tmp) then min + 5'
505,1916,Blazing Fury,Horror,Syntax error in formula '__legacy_if(this > min_tmp) then min + 5'
506,1928,Shadow Dance,Drama,Syntax error in formula '__legacy_if(this > min_tmp) then min + 5'
507,1940,Blazing Fury,Sci-Fi,Syntax error in formula '__legacy_if(this > min_tmp) then min + 5'
508,1941,Thunder Strike,Action,Syntax error in formula '__legacy_if(this > min_tmp) then min + 5'
509,2013,Shadow Dance,Action,Syntax error in formula '__legacy_if(this > min_tmp) then min + 5'
510,1908,Blazing Fury,Drama,Syntax error in formula '__legacy_if(this > min_tmp) then min + 5'
511,1919,Thunder Strike,Adventure,Syntax error in formula '__legacy_if(this > min_tmp) then min + 5'
512,1960,Shadow Dance,Thriller,Syntax error in formula '__legacy_if(this > min_tmp) then min + 5'
513,1988,Frostbite Slash,Thriller,Syntax error in formula '__legacy_if(this > min_tmp) then min + 5'
514,2021,Shadow Dance,Adventure,Syntax error in formula '__legacy_if(this > min_tmp) then min + 5'
515,1969,Mystic Whirlwind,Horror,Syntax error in formula '__legacy_if(this > min_tmp) then min + 5'
516,1991,Frostbite Slash,Fantasy,Syntax error in formula '__legacy_if(this > min_tmp) then min + 5'
517,1970,Mystic Whirlwind,Adventure,Syntax error in formula '__legacy_if(this > min_tmp) then min + 5'
518,1952,Frostbite Slash,Fantasy,Syntax error in formula '__legacy_if(this > min_tmp) then min + 5'
519,2017,Shadow Dance,Romance,Syntax error in formula '__legacy_if(this > min_tmp) then min + 5'
520,2019,Shadow Dance,Drama,Syntax error in formula '__legacy_if(this > min_tmp) then min + 5'
521,1944,Blazing Fury,Drama,Syntax error in formula '__legacy_if(this > min_tmp) then min + 5'
522,1969,Mystic Whirlwind,Drama,Syntax error in formula '__legacy_if(this > min_tmp) then min + 5'
523,1983,Frostbite Slash,Thriller,Syntax error in formula '__legacy_if(this > min_tmp) then min + 5'
524,1984,Blazing Fury,Fantasy,Syntax error in formula '__legacy_if(this > min_tmp) then min + 5'
525,2022,Frostbite Slash,Action,Syntax error in formula '__legacy_if(this > min_tmp) then min + 5'
526,1953,Mystic Whirlwind,Thriller,Syntax error in formula '__legacy_if(this > min_tmp) then min + 5'
527,1919,Thunder Strike,Adventure,Syntax error in formula '__legacy_if(this > min_tmp) then min + 5'
528,1971,Mystic Whirlwind,Animation,Syntax error in formula '__legacy_if(this > min_tmp) then min + 5'
529,1981,Blazing Fury,Thriller,Syntax error in formula '__legacy_if(this > min_tmp) then min + 5'
530,1976,Frostbite Slash,Action,Syntax error in formula '__legacy_if(this > min_tmp) then min + 5'
531,1962,Frostbite Slash,Animation,Syntax error in formula '__legacy_if(this > min_tmp) then min + 5'
532,1919,Shadow Dance,Comedy,Syntax error in formula '__legacy_if(this > min_tmp) then min + 5'
533,2017,Frostbite Slash,Drama,Syntax error in formula '__legacy_if(this > min_tmp) then min + 5'
534,1996,Frostbite Slash,Fantasy,Syntax error in formula '__legacy_if(this > min_tmp) then min + 5'
535,1930,Thunder Strike,Adventure,Syntax error in formula '__legacy_if(this > min_tmp) then min + 5'
536,1921,Blazing Fury,Horror,Syntax error in formula '__legacy_if(this > min_tmp) then min + 5'
537,2020,Shadow Dance,Thriller,Syntax error in formula '__legacy_if(this > min_tmp) then min + 5'
538,1969,Blazing Fury,Drama,Syntax error in formula '__legacy_if(this > min_tmp) then min + 5'
539,1934,Frostbite Slash,Sci-Fi,Syntax error in formula '__legacy_if(this > min_tmp) then min + 5'
540,2020,Frostbite Slash,Horror,Syntax error in formula '__legacy_if(this > min_tmp) then min + 5'
541,1975,Shadow Dance,Animation,Syntax error in formula '__legacy_if(this > min_tmp) then min + 5'
542,1914,Thunder Strike,Adventure,Syntax error in formula '__legacy_if(this > min_tmp) then min + 5'
543,1962,Shadow Dance,Sci-Fi,Syntax error in formula '__legacy_if(this > min_tmp) then min + 5'
544,2004,Shadow Dance,Thriller,Syntax error in formula '__legacy_if(this > min_tmp) then min + 5'
545,1946,Thunder Strike,Adventure,Syntax error in formula '__legacy_if(this > min_tmp) then min + 5'
546,1974,Blazing Fury,Comedy,Syntax error in formula '__legacy_if(this > min_tmp) then min + 5'
547,1983,Thunder Strike,Fantasy,Syntax error in formula '__legacy_if(this > min_tmp) then min + 5'
548,1975,Shadow Dance,Drama,Syntax error in formula '__legacy_if(this > min_tmp) then min + 5'
549,1902,Thunder Strike,Romance,Syntax error in formula '__legacy_if(this > min_tmp) then min + 5'
550,1991,Thunder Strike,Thriller,Syntax error in formula '__legacy_if(this > min_tmp) then min + 5'
551,1922,Frostbite Slash,Fantasy,Syntax error in formula '__legacy_if(this > min_tmp) then min + 5'
552,1993,Shadow Dance,Horror,Syntax error in formula '__legacy_if(this > min_tmp) then min + 5'
553,1980,Shadow Dance,Drama,Syntax error in formula '__legacy_if(this > min_tmp) then min + 5'
554,1954,Mystic Whirlwind,Romance,Syntax error in formula '__legacy_if(this > min_tmp) then min + 5'
555,1904,Mystic Whirlwind,Adventure,Syntax error in formula '__legacy_if(this > min_tmp) then min + 5'
556,1996,Thunder Strike,Drama,Syntax error in formula '__legacy_if(this > min_tmp) then min + 5'
557,1996,Mystic Whirlwind,Adventure,Syntax error in formula '__legacy_if(this > min_tmp) then min + 5'
558,1903,Shadow Dance,Drama,Syntax error in formula '__legacy_if(this > min_tmp) then min + 5'
559,1906,Shadow Dance,Action,Syntax error in formula '__legacy_if(this > min_tmp) then min + 5'
560,1916,Shadow Dance,Action,Syntax error in formula '__legacy_if(this > min_tmp) then min + 5'
561,1972,Frostbite Slash,Action,Syntax error in formula '__legacy_if(this > min_tmp) then min + 5'
562,1912,Shadow Dance,Action,Syntax error in formula '__legacy_if(this > min_tmp) then min + 5'
563,1991,Shadow Dance,Drama,Syntax error in formula '__legacy_if(this > min_tmp) then min + 5'
564,2006,Mystic Whirlwind,Thriller,Syntax error in formula '__legacy_if(this > min_tmp) then min + 5'
565,1958,Frostbite Slash,Adventure,Syntax error in formula '__legacy_if(this > min_tmp) then min + 5'
566,1905,Blazing Fury,Sci-Fi,Syntax error in formula '__legacy_if(this > min_tmp) then min + 5'
567,1944,Blazing Fury,Thriller,Syntax error in formula '__legacy_if(this > min_tmp) then min + 5'
568,2007,Shadow Dance,Thriller,Syntax error in formula '__legacy_if(this > min_tmp) then min + 5'
569,1945,Blazing Fury,Comedy,Syntax error in formula '__legacy_if(this > min_tmp) then min + 5'
570,1954,Shadow Dance,Animation,Syntax error in formula '__legacy_if(this > min_tmp) then min + 5'
571,1908,Thunder Strike,Animation,Syntax error in formula '__legacy_if(this > min_tmp) then min + 5'
572,2015,Blazing Fury,Sci-Fi,Syntax error in formula '__legacy_if(this > min_tmp) then min + 5'
573,1974,Mystic Whirlwind,Drama,Syntax error in formula '__legacy_if(this > min_tmp) then min + 5'
574,1946,Blazing Fury,Comedy,Syntax error in formula '__legacy_if(this > min_tmp) then min + 5'
575,1994,Shadow Dance,Comedy,Syntax error in formula '__legacy_if(this > min_tmp) then min + 5'
576,1906,Mystic Whirlwind,Thriller,Syntax error in formula '__legacy_if(this > min_tmp) then min + 5'
577,1946,Frostbite Slash,Thriller,Syntax error in formula '__legacy_if(this > min_tmp) then min + 5'
578,1959,Shadow Dance,Drama,Syntax error in formula '__legacy_if(this > min_tmp) then min + 5'
579,1960,Shadow Dance,Thriller,Syntax error in formula '__legacy_if(this > min_tmp) then min + 5'
580,1982,Frostbite Slash,Action,Syntax error in formula '__legacy_if(this > min_tmp) then min + 5'
581,1903,Blazing Fury,Sci-Fi,Syntax error in formula '__legacy_if(this > min_tmp) then min + 5'
582,1916,Blazing Fury,Thriller,Syntax error in formula '__legacy_if(this > min_tmp) then min + 5'
583,1963,Mystic Whirlwind,Horror,Syntax error in formula '__legacy_if(this > min_tmp) then min + 5'
584,1993,Blazing Fury,Romance,Syntax error in formula '__legacy_if(this > min_tmp) then min + 5'
585,2002,Frostbite Slash,Comedy,Syntax error in formula '__legacy_if(this > min_tmp) then min + 5'
586,1973,Blazing Fury,Drama,Syntax error in formula '__legacy_if(this > min_tmp) then min + 5'
587,1970,Thunder Strike,Adventure,Syntax error in formula '__legacy_if(this > min_tmp) then min + 5'
588,1993,Frostbite Slash,Animation,Syntax error in formula '__legacy_if(this > min_tmp) then min + 5'
589,1970,Frostbite Slash,Animation,Syntax error in formula '__legacy_if(this > min_tmp) then min + 5'
590,2015,Shadow Dance,Comedy,Syntax error in formula '__legacy_if(this > min_tmp) then min + 5'
591,1951,Blazing Fury,Horror,Syntax error in formula '__legacy_if(this > min_tmp) then min + 5'
592,1921,Mystic Whirlwind,Sci-Fi,Syntax error in formula '__legacy_if(this > min_tmp) then min + 5'
593,1981,Shadow Dance,Thriller,Syntax error in formula '__legacy_if(this > min_tmp) then min + 5'
594,1951,Mystic Whirlwind,Sci-Fi,Syntax error in formula '__legacy_if(this > min_tmp) then min + 5'
595,1947,Mystic Whirlwind,Fantasy,Syntax error in formula '__legacy_if(this > min_tmp) then min + 5'
596,1937,Thunder Strike,Thriller,Syntax error in formula '__legacy_if(this > min_tmp) then min + 5'
597,2003,Thunder Strike,Horror,Syntax error in formula '__legacy_if(this > min_tmp) then min + 5'
598,1970,Thunder Strike,Action,Syntax error in formula '__legacy_if(this > min_tmp) then min + 5'
599,2016,Frostbite Slash,Sci-Fi,Syntax error in formula '__legacy_if(this > min_tmp) then min + 5'
600,1967,Thunder Strike,Drama,Syntax error in formula '__legacy_if(this > min_tmp) then min + 5'
601,1915,Blazing Fury,Action,Syntax error in formula '__legacy_if(this > min_tmp) then min + 5'
602,1918,Blazing Fury,Comedy,Syntax error in formula '__legacy_if(this > min_tmp) then min + 5'
603,2009,Blazing Fury,Romance,Syntax error in formula '__legacy_if(this > min_tmp) then min + 5'
604,1987,Thunder Strike,Thriller,Syntax error in formula '__legacy_if(this > min_tmp) then min + 5'
605,1933,Shadow Dance,Drama,Syntax error in formula '__legacy_if(this > min_tmp) then min + 5'
606,1917,Shadow Dance,Sci-Fi,Syntax error in formula '__legacy_if(this > min_tmp) then min + 5'
607,1968,Blazing Fury,Drama,Syntax error in formula '__legacy_if(this > min_tmp) then min + 5'
608,1912,Blazing Fury,Comedy,Syntax error in formula '__legacy_if(this > min_tmp) then min + 5'
609,2013,Thunder Strike,Adventure,Syntax error in formula '__legacy_if(this > min_tmp) then min + 5'
610,1956,Mystic Whirlwind,Adventure,Syntax error in formula '__legacy_if(this > min_tmp) then min + 5'
611,1967,Shadow Dance,Comedy,Syntax error in formula '__legacy_if(this > min_tmp) then min + 5'
612,1983,Frostbite Slash,Sci-Fi,Syntax error in formula '__legacy_if(this > min_tmp) then min + 5'
613,1935,Shadow Dance,Thriller,Syntax error in formula '__legacy_if(this > min_tmp) then min + 5'
614,1961,Blazing Fury,Comedy,Syntax error in formula '__legacy_if(this > min_tmp) then min + 5'
615,1979,Frostbite Slash,Drama,Syntax error in formula '__legacy_if(this > min_tmp) then min + 5'
616,2022,Blazing Fury,Drama,Syntax error in formula '__legacy_if(this > min_tmp) then min + 5'
617,1965,Shadow Dance,Animation,Syntax error in formula '__legacy_if(this > min_tmp) then min + 5'
618,1913,Blazing Fury,Drama,Syntax error in formula '__legacy_if(this > min_tmp) then min + 5'
619,1911,Shadow Dance,Horror,Syntax error in formula '__legacy_if(this > min_tmp) then min + 5'
620,1920,Frostbite Slash,Romance,Syntax error in formula '__legacy_if(this > min_tmp) then min + 5'
621,1982,Thunder Strike,Drama,Syntax error in formula '__legacy_if(this > min_tmp) then min + 5'
622,2001,Mystic Whirlwind,Thriller,Syntax error in formula '__legacy_if(this > min_tmp) then min + 5'
623,1981,Shadow Dance,Drama,Syntax error in formula '__legacy_if(this > min_tmp) then min + 5'
624,1991,Shadow Dance,Animation,Syntax error in formula '__legacy_if(this > min_tmp) then min + 5'
625,1996,Thunder Strike,Adventure,Syntax error in formula '__legacy_if(this > min_tmp) then min + 5'
626,1937,Frostbite Slash,Romance,Syntax error in formula '__legacy_if(this > min_tmp) then min + 5'
627,1982,Shadow Dance,Action,Syntax error in formula '__legacy_if(this > min_tmp) then min + 5'
628,1962,Thunder Strike,Horror,Syntax error in formula '__legacy_if(this > min_tmp) then min + 5'
629,1923,Thunder Strike,Thriller,Syntax error in formula '__legacy_if(this > min_tmp) then min + 5'
630,1956,Shadow Dance,Action,Syntax error in formula '__legacy_if(this > min_tmp) then min + 5'
631,2006,Thunder Strike,Thriller,Syntax error in formula '__legacy_if(this > min_tmp) then min + 5'
632,1925,Mystic Whirlwind,Drama,Syntax error in formula '__legacy_if(this > min_tmp) then min + 5'
633,1908,Shadow Dance,Fantasy,Syntax error in formula '__legacy_if(this > min_tmp) then min + 5'
634,1911,Thunder Strike,Thriller,Syntax error in formula '__legacy_if(this > min_tmp) then min + 5'
635,1989,Shadow Dance,Comedy,Syntax error in formula '__legacy_if(this > min_tmp) then min + 5'
636,1916,Mystic Whirlwind,Horror,Syntax error in formula '__legacy_if(this > min_tmp) then min + 5'
637,1961,Blazing Fury,Thriller,Syntax error in formula '__legacy_if(this > min_tmp) then min + 5'
638,1967,Thunder Strike,Animation,Syntax error in formula '__legacy_if(this > min_tmp) then min + 5'
639,1933,Shadow Dance,Sci-Fi,Syntax error in formula '__legacy_if(this > min_tmp) then min + 5'
640,1953,Frostbite Slash,Comedy,Syntax error in formula '__legacy_if(this > min_tmp) then min + 5'
641,1971,Shadow Dance,Fantasy,Syntax error in formula '__legacy_if(this > min_tmp) then min + 5'
642,1917,Thunder Strike,Fantasy,Syntax error in formula '__legacy_if(this > min_tmp) then min + 5'
643,2002,Frostbite Slash,Horror,Syntax error in formula '__legacy_if(this > min_tmp) then min + 5'
644,1913,Thunder Strike,Horror,Syntax error in formula '__legacy_if(this > min_tmp) then min + 5'
645,1947,Mystic Whirlwind,Action,Syntax error in formula '__legacy_if(this > min_tmp) then min + 5'
646,2000,Mystic Whirlwind,Fantasy,Syntax error in formula '__legacy_if(this > min_tmp) then min + 5'
647,1917,Thunder Strike,Comedy,Syntax error in formula '__legacy_if(this > min_tmp) then min + 5'
648,1949,Mystic Whirlwind,Drama,Syntax error in formula '__legacy_if(this > min_tmp) then min + 5'
649,2016,Blazing Fury,Fantasy,Syntax error in formula '__legacy_if(this > min_tmp) then min + 5'
650,1904,Thunder Strike,Adventure,Syntax error in formula '__legacy_if(this > min_tmp) then min + 5'
651,1954,Blazing Fury,Romance,Syntax error in formula '__legacy_if(this > min_tmp) then min + 5'
652,1925,Frostbite Slash,Adventure,Syntax error in formula '__legacy_if(this > min_tmp) then min + 5'
653,1915,Blazing Fury,Action,Syntax error in formula '__legacy_if(this > min_tmp) then min + 5'
654,2022,Frostbite Slash,Thriller,Syntax error in formula '__legacy_if(this > min_tmp) then min + 5'
655,2019,Thunder Strike,Action,Syntax error in formula '__legacy_if(this > min_tmp) then min + 5'
656,1928,Frostbite Slash,Adventure,Syntax error in formula '__legacy_if(this > min_tmp) then min + 5'
657,1902,Frostbite Slash,Romance,Syntax error in formula '__legacy_if(this > min_tmp) then min + 5'
658,1966,Frostbite Slash,Comedy,Syntax error in formula '__legacy_if(this > min_tmp) then min + 5'
659,2002,Shadow Dance,Romance,Syntax error in formula '__legacy_if(this > min_tmp) then min + 5'
660,1953,Frostbite Slash,Animation,Syntax error in formula '__legacy_if(this > min_tmp) then min + 5'
661,1923,Mystic Whirlwind,Romance,Syntax error in formula '__legacy_if(this > min_tmp) then min + 5'
662,1901,Frostbite Slash,Romance,Syntax error in formula '__legacy_if(this > min_tmp) then min + 5'
663,1962,Shadow Dance,Animation,Syntax error in formula '__legacy_if(this > min_tmp) then min + 5'
664,1904,Blazing Fury,Comedy,Syntax error in formula '__legacy_if(this > min_tmp) then min + 5'
665,2004,Shadow Dance,Thriller,Syntax error in formula '__legacy_if(this > min_tmp) then min + 5'
666,2018,Thunder Strike,Action,Syntax error in formula '__legacy_if(this > min_tmp) then min + 5'
667,2016,Mystic Whirlwind,Thriller,Syntax error in formula '__legacy_if(this > min_tmp) then min + 5'
668,1936,Thunder Strike,Animation,Syntax error in formula '__legacy_if(this > min_tmp) then min + 5'
669,1901,Frostbite Slash,Horror,Syntax error in formula '__legacy_if(this > min_tmp) then min + 5'
670,2008,Mystic Whirlwind,Thriller,Syntax error in formula '__legacy_if(this > min_tmp) then min + 5'
671,1923,Blazing Fury,Adventure,Syntax error in formula '__legacy_if(this > min_tmp) then min + 5'
672,1912,Mystic Whirlwind,Action,Syntax error in formula '__legacy_if(this > min_tmp) then min + 5'
673,2020,Shadow Dance,Drama,Syntax error in formula '__legacy_if(this > min_tmp) then min + 5'
674,1978,Blazing Fury,Animation,Syntax error in formula '__legacy_if(this > min_tmp) then min + 5'
675,1900,Frostbite Slash,Adventure,Syntax error in formula '__legacy_if(this > min_tmp) then min + 5'
676,1956,Blazing Fury,Sci-Fi,Syntax error in formula '__legacy_if(this > min_tmp) then min + 5'
677,1933,Frostbite Slash,Comedy,Syntax error in formula '__legacy_if(this > min_tmp) then min + 5'
678,1998,Mystic Whirlwind,Animation,Syntax error in formula '__legacy_if(this > min_tmp) then min + 5'
679,1948,Mystic Whirlwind,Thriller,Syntax error in formula '__legacy_if(this > min_tmp) then min + 5'
680,2009,Frostbite Slash,Fantasy,Syntax error in formula '__legacy_if(this > min_tmp) then min + 5'
681,1960,Mystic Whirlwind,Drama,Syntax error in formula '__legacy_if(this > min_tmp) then min + 5'
682,1974,Thunder Strike,Comedy,Syntax error in formula '__legacy_if(this > min_tmp) then min + 5'
683,1927,Mystic Whirlwind,Horror,Syntax error in formula '__legacy_if(this > min_tmp) then min + 5'
684,1970,Frostbite Slash,Animation,Syntax error in formula '__legacy_if(this > min_tmp) then min + 5'
685,1956,Mystic Whirlwind,Sci-Fi,Syntax error in formula '__legacy_if(this > min_tmp) then min + 5'
686,2013,Mystic Whirlwind,Horror,Syntax error in formula '__legacy_if(this > min_tmp) then min + 5'
687,1918,Frostbite Slash,Drama,Syntax error in formula '__legacy_if(this > min_tmp) then min + 5'
688,1932,Frostbite Slash,Animation,Syntax error in formula '__legacy_if(this > min_tmp) then min + 5'
689,1955,Frostbite Slash,Fantasy,Syntax error in formula '__legacy_if(this > min_tmp) then min + 5'
690,2004,Mystic Whirlwind,Adventure,Syntax error in formula '__legacy_if(this > min_tmp) then min + 5'
691,1901,Frostbite Slash,Animation,Syntax error in formula '__legacy_if(this > min_tmp) then min + 5'
692,1987,Frostbite Slash,Drama,Syntax error in formula '__legacy_if(this > min_tmp) then min + 5'
693,1962,Mystic Whirlwind,Animation,Syntax error in formula '__legacy_if(this > min_tmp) then min + 5'
694,1992,Blazing Fury,Action,Syntax error in formula '__legacy_if(this > min_tmp) then min + 5'
695,1952,Shadow Dance,Horror,Syntax error in formula '__legacy_if(this > min_tmp) then min + 5'
696,1970,Mystic Whirlwind,Sci-Fi,Syntax error in formula '__legacy_if(this > min_tmp) then min + 5'
697,1924,Shadow Dance,Sci-Fi,Syntax error in formula '__legacy_if(this > min_tmp) then min + 5'
698,1976,Shadow Dance,Horror,Syntax error in formula '__legacy_if(this > min_tmp) then min + 5'
699,1914,Frostbite Slash,Thriller,Syntax error in formula '__legacy_if(this > min_tmp) then min + 5'
700,2000,Blazing Fury,Thriller,Syntax error in formula '__legacy_if(this > min_tmp) then min + 5'
701,1908,Mystic Whirlwind,Horror,Syntax error in formula '__legacy_if(this > min_tmp) then min + 5'
702,1951,Mystic Whirlwind,Action,Syntax error in formula '__legacy_if(this > min_tmp) then min + 5'
703,1941,Shadow Dance,Thriller,Syntax error in formula '__legacy_if(this > min_tmp) then min + 5'
704,1944,Shadow Dance,Animation,Syntax error in formula '__legacy_if(this > min_tmp) then min + 5'
705,1900,Frostbite Slash,Action,Syntax error in formula '__legacy_if(this > min_tmp) then min + 5'
706,1949,Shadow Dance,Sci-Fi,Syntax error in formula '__legacy_if(this > min_tmp) then min + 5'
707,1999,Blazing Fury,Thriller,Syntax error in formula '__legacy_if(this > min_tmp) then min + 5'
708,2021,Thunder Strike,Thriller,Syntax error in formula '__legacy_if(this > min_tmp) then min + 5'
709,1942,Frostbite Slash,Thriller,Syntax error in formula '__legacy_if(this > min_tmp) then min + 5'
710,1978,Mystic Whirlwind,Horror,Syntax error in formula '__legacy_if(this > min_tmp) then min + 5'
711,1942,Frostbite Slash,Fantasy,Syntax error in formula '__legacy_if(this > min_tmp) then min + 5'
712,1955,Mystic Whirlwind,Sci-Fi,Syntax error in formula '__legacy_if(this > min_tmp) then min + 5'
713,2006,Shadow Dance,Romance,Syntax error in formula '__legacy_if(this > min_tmp) then min + 5'
714,2006,Mystic Whirlwind,Horror,Syntax error in formula '__legacy_if(this > min_tmp) then min + 5'
715,1902,Frostbite Slash,Action,Syntax error in formula '__legacy_if(this > min_tmp) then min + 5'
716,1906,Frostbite Slash,Romance,Syntax error in formula '__legacy_if(this > min_tmp) then min + 5'
717,1957,Mystic Whirlwind,Adventure,Syntax error in formula '__legacy_if(this > min_tmp) then min + 5'
718,2008,Blazing Fury,Drama,Syntax error in formula '__legacy_if(this > min_tmp) then min + 5'
719,1989,Shadow Dance,Action,Syntax error in formula '__legacy_if(this > min_tmp) then min + 5'
720,1917,Thunder Strike,Fantasy,Syntax error in formula '__legacy_if(this > min_tmp) then min + 5'
721,2018,Frostbite Slash,Adventure,Syntax error in formula '__legacy_if(this > min_tmp) then min + 5'
722,1955,Shadow Dance,Thriller,Syntax error in formula '__legacy_if(this > min_tmp) then min + 5'
723,1986,Blazing Fury,Horror,Syntax error in formula '__legacy_if(this > min_tmp) then min + 5'
724,2019,Frostbite Slash,Fantasy,Syntax error in formula '__legacy_if(this > min_tmp) then min + 5'
725,1961,Shadow Dance,Drama,Syntax error in formula '__legacy_if(this > min_tmp) then min + 5'
726,1957,Frostbite Slash,Comedy,Syntax error in formula '__legacy_if(this > min_tmp) then min + 5'
727,1917,Frostbite Slash,Horror,Syntax error in formula '__legacy_if(this > min_tmp) then min + 5'
728,1903,Mystic Whirlwind,Adventure,Syntax error in formula '__legacy_if(this > min_tmp) then min + 5'
729,1985,Blazing Fury,Drama,Syntax error in formula '__legacy_if(this > min_tmp) then min + 5'
730,1961,Thunder Strike,Action,Syntax error in formula '__legacy_if(this > min_tmp) then min + 5'
731,1978,Shadow Dance,Sci-Fi,Syntax error in formula '__legacy_if(this > min_tmp) then min + 5'
732,1989,Shadow Dance,Romance,Syntax error in formula '__legacy_if(this > min_tmp) then min + 5'
733,1923,Mystic Whirlwind,Animation,Syntax error in formula '__legacy_if(this > min_tmp) then min + 5'
734,1930,Thunder Strike,Animation,Syntax error in formula '__legacy_if(this > min_tmp) then min + 5'
735,1934,Mystic Whirlwind,Fantasy,Syntax error in formula '__legacy_if(this > min_tmp) then min + 5'
736,1976,Shadow Dance,Adventure,Syntax error in formula '__legacy_if(this > min_tmp) then min + 5'
737,1927,Thunder Strike,Adventure,Syntax error in formula '__legacy_if(this > min_tmp) then min + 5'
738,1902,Shadow Dance,Adventure,Syntax error in formula '__legacy_if(this > min_tmp) then min + 5'
739,1957,Blazing Fury,Action,Syntax error in formula '__legacy_if(this > min_tmp) then min + 5'
740,1962,Frostbite Slash,Action,Syntax error in formula '__legacy_if(this > min_tmp) then min + 5'
741,1959,Thunder Strike,Romance,Syntax error in formula '__legacy_if(this > min_tmp) then min + 5'
742,1984,Shadow Dance,Fantasy,Syntax error in formula '__legacy_if(this > min_tmp) then min + 5'
743,1966,Blazing Fury,Sci-Fi,Syntax error in formula '__legacy_if(this > min_tmp) then min + 5'
744,1972,Frostbite Slash,Horror,Syntax error in formula '__legacy_if(this > min_tmp) then min + 5'
745,1905,Blazing Fury,Adventure,Syntax error in formula '__legacy_if(this > min_tmp) then min + 5'
746,1924,Blazing Fury,Horror,Syntax error in formula '__legacy_if(this > min_tmp) then min + 5'
747,1998,Frostbite Slash,Sci-Fi,Syntax error in formula '__legacy_if(this > min_tmp) then min + 5'
748,1908,Shadow Dance,Animation,Syntax error in formula '__legacy_if(this > min_tmp) then min + 5'
749,1974,Mystic Whirlwind,Drama,Syntax error in formula '__legacy_if(this > min_tmp) then min + 5'
750,2004,Shadow Dance,Comedy,Syntax error in formula '__legacy_if(this > min_tmp) then min + 5'
751,1974,Mystic Whirlwind,Sci-Fi,Syntax error in formula '__legacy_if(this > min_tmp) then min + 5'
752,1906,Frostbite Slash,Horror,Syntax error in formula '__legacy_if(this > min_tmp) then min + 5'
753,1950,Blazing Fury,Romance,Syntax error in formula '__legacy_if(this > min_tmp) then min + 5'
754,1951,Mystic Whirlwind,Horror,Syntax error in formula '__legacy_if(this > min_tmp) then min + 5'
755,1925,Shadow Dance,Romance,Syntax error in formula '__legacy_if(this > min_tmp) then min + 5'
756,1978,Blazing Fury,Adventure,Syntax error in formula '__legacy_if(this > min_tmp) then min + 5'
757,1979,Frostbite Slash,Sci-Fi,Syntax error in formula '__legacy_if(this > min_tmp) then min + 5'
758,1980,Shadow Dance,Romance,Syntax error in formula '__legacy_if(this > min_tmp) then min + 5'
759,2000,Frostbite Slash,Drama,Syntax error in formula '__legacy_if(this > min_tmp) then min + 5'
760,2003,Mystic Whirlwind,Thriller,Syntax error in formula '__legacy_if(this > min_tmp) then min + 5'
761,1900,Frostbite Slash,Romance,Syntax error in formula '__legacy_if(this > min_tmp) then min + 5'
762,2002,Thunder Strike,Fantasy,Syntax error in formula '__legacy_if(this > min_tmp) then min + 5'
763,1906,Blazing Fury,Thriller,Syntax error in formula '__legacy_if(this > min_tmp) then min + 5'
764,2015,Shadow Dance,Sci-Fi,Syntax error in formula '__legacy_if(this > min_tmp) then min + 5'
765,1951,Blazing Fury,Horror,Syntax error in formula '__legacy_if(this > min_tmp) then min + 5'
766,1901,Blazing Fury,Animation,Syntax error in formula '__legacy_if(this > min_tmp) then min + 5'
767,1997,Shadow Dance,Fantasy,Syntax error in formula '__legacy_if(this > min_tmp) then min + 5'
768,1978,Frostbite Slash,Animation,Syntax error in formula '__legacy_if(this > min_tmp) then min + 5'
769,2002,Mystic Whirlwind,Animation,Syntax error in formula '__legacy_if(this > min_tmp) then min + 5'
770,1937,Thunder Strike,Animation,Syntax error in formula '__legacy_if(this > min_tmp) then min + 5'
771,1979,Blazing Fury,Horror,Syntax error in formula '__legacy_if(this > min_tmp) then min + 5'
772,1933,Frostbite Slash,Comedy,Syntax error in formula '__legacy_if(this > min_tmp) then min + 5'
773,1916,Mystic Whirlwind,Horror,Syntax error in formula '__legacy_if(this > min_tmp) then min + 5'
774,1921,Blazing Fury,Sci-Fi,Syntax error in formula '__legacy_if(this > min_tmp) then min + 5'
775,1935,Shadow Dance,Adventure,Syntax error in formula '__legacy_if(this > min_tmp) then min + 5'
776,1985,Thunder Strike,Fantasy,Syntax error in formula '__legacy_if(this > min_tmp) then min + 5'
777,2004,Frostbite Slash,Thriller,Syntax error in formula '__legacy_if(this > min_tmp) then min + 5'
778,1986,Blazing Fury,Adventure,Syntax error in formula '__legacy_if(this > min_tmp) then min + 5'
779,2009,Shadow Dance,Sci-Fi,Syntax error in formula '__legacy_if(this > min_tmp) then min + 5'
780,1910,Frostbite Slash,Horror,Syntax error in formula '__legacy_if(this > min_tmp) then min + 5'
781,1989,Blazing Fury,Sci-Fi,Syntax error in formula '__legacy_if(this > min_tmp) then min + 5'
782,1915,Shadow Dance,Adventure,Syntax error in formula '__legacy_if(this > min_tmp) then min + 5'
783,2008,Shadow Dance,Thriller,Syntax error in formula '__legacy_if(this > min_tmp) then min + 5'
784,1990,Thunder Strike,Comedy,Syntax error in formula '__legacy_if(this > min_tmp) then min + 5'
785,1906,Mystic Whirlwind,Fantasy,Syntax error in formula '__legacy_if(this > min_tmp) then min + 5'
786,1958,Shadow Dance,Action,Syntax error in formula '__legacy_if(this > min_tmp) then min + 5'
787,1952,Thunder Strike,Romance,Syntax error in formula '__legacy_if(this > min_tmp) then min + 5'
788,1954,Shadow Dance,Animation,Syntax error in formula '__legacy_if(this > min_tmp) then min + 5'
789,1993,Blazing Fury,Thriller,Syntax error in formula '__legacy_if(this > min_tmp) then min + 5'
790,1938,Mystic Whirlwind,Comedy,Syntax error in formula '__legacy_if(this > min_tmp) then min + 5'
791,2021,Thunder Strike,Action,Syntax error in formula '__legacy_if(this > min_tmp) then min + 5'
792,1956,Mystic Whirlwind,Action,Syntax error in formula '__legacy_if(this > min_tmp) then min + 5'
793,1901,Mystic Whirlwind,Sci-Fi,Syntax error in formula '__legacy_if(this > min_tmp) then min + 5'
794,1914,Frostbite Slash,Sci-Fi,Syntax error in formula '__legacy_if(this > min_tmp) then min + 5'
795,1956,Blazing Fury,Sci-Fi,Syntax error in formula '__legacy_if(this > min_tmp) then min + 5'
796,1961,Frostbite Slash,Romance,Syntax error in formula '__legacy_if(this > min_tmp) then min + 5'
797,1908,Shadow Dance,Thriller,Syntax error in formula '__legacy_if(this > min_tmp) then min + 5'
798,1952,Blazing Fury,Drama,Syntax error in formula '__legacy_if(this > min_tmp) then min + 5'
799,1953,Frostbite Slash,Animation,Syntax error in formula '__legacy_if(this > min_tmp) then min + 5'
800,1969,Mystic Whirlwind,Action,Syntax error in formula '__legacy_if(this > min_tmp) then min + 5'
