order_id,quantity,qu,region,cost_price,selling_price
1,29,Simone,MAHARASTRA,485.8,2318.1
2,29,Vivyan,DELHI,467.38,2157.31
3,30,Codee,UP,360.83,4908.94
4,20,Henryetta,RAJASTHAN,347.8,2635.87
5,29,Dominik,RAJASTHAN,387.53,2948.22
6,4,Marys,TAMIL NADU,307.74,1410.52
7,15,Brittney,TAMIL NADU,414.35,4283.74
8,1,Sosanna,UK,314.65,3244.45
9,22,Ara,TAMIL NADU,306.94,918.72
10,7,Pasquale,TAMIL NADU,424.19,1632.71
11,1,Rene,UK,316.06,1984.63
12,26,Cecil,WB,383.88,1598.29
13,3,Ado,DELHI,342.68,4629.81
14,30,Benson,UP,393.1,3318.46
15,15,Lexi,DELHI,487.38,2376.46
16,28,Mord,RAJASTHAN,314.06,4598.01
17,26,Hammad,UP,491.43,2968.19
18,30,Waylan,WB,477.89,4908.75
19,9,Quintilla,UK,434.97,4382.74
20,25,Ealasaid,WB,407.25,3187.48
21,12,Walther,DELHI,315.29,2149.97
22,2,Mata,UK,309.71,4251.08
23,8,Elliott,DELHI,499.05,3072.26
24,3,Lynn,DELHI,344.68,2645.81
25,1,Agna,TAMIL NADU,464.24,4089.3
26,22,Maddie,TAMIL NADU,410.89,3800.43
27,14,Yvon,MAHARASTRA,438.98,3671.37
28,10,Rand,RAJASTHAN,307.39,3383.74
29,6,Zonda,MAHARASTRA,483.01,2865.21
30,0,Sibeal,UK,453.48,1370.32
31,15,Lazarus,WB,365.01,2542.34
32,7,Ethe,UP,370.73,2564.58
33,10,Daven,UP,440.61,3051.4
34,30,Kevyn,TAMIL NADU,457.05,1686.79
35,25,Knox,DELHI,472.81,2066.2
36,22,Guglielma,UK,451.86,4318.91
37,12,Bev,UP,451.34,3535.36
38,29,Vitia,MAHARASTRA,340.39,3823.56
39,21,Adey,RAJASTHAN,371.17,3421.01
40,8,Holly,MAHARASTRA,320.19,2696.11
41,15,Fannie,RAJASTHAN,462.8,4652.8
42,15,Norean,UK,340.32,4702.77
43,15,Sibby,DELHI,315.69,4119.86
44,20,Ulrica,MAHARASTRA,438.56,1647.01
45,7,Mirella,RAJASTHAN,406.35,2889.16
46,17,Boniface,DELHI,468.47,4744.36
47,10,Lindon,MAHARASTRA,455.64,4682.81
48,8,Blakelee,UP,344.08,858.35
49,24,Lamont,MAHARASTRA,303.54,3700.14
50,0,Pietra,TAMIL NADU,373.86,1238.04
51,18,Karrah,WB,385.77,3109.08
52,6,Farleigh,MAHARASTRA,381.85,1679.17
53,24,Austina,DELHI,444.46,4627.45
54,29,Bradley,TAMIL NADU,383.06,2506.74
55,4,Teodora,UK,462.81,3997.75
56,2,Emilio,MAHARASTRA,466.79,3270.29
57,16,Cesar,TAMIL NADU,334.8,4339.09
58,29,Francisca,UK,494.64,678.08
59,7,Raffaello,UP,435.59,4318.61
60,12,Brodie,RAJASTHAN,311.46,975.44
61,24,Barbabas,UP,471.01,4150.55
62,3,Prentice,MAHARASTRA,301.02,1611.81
63,2,Jessee,MAHARASTRA,477.23,1687.77
64,2,Hallie,TAMIL NADU,326.96,3703.54
65,26,Araldo,DELHI,468.07,1984.02
66,15,Pooh,RAJASTHAN,350.5,4708.01
67,2,Lou,WB,409.64,1934.95
68,21,Marj,UP,309.14,3975.33
69,19,Wayland,RAJASTHAN,451.08,1851.99
70,1,Roch,RAJASTHAN,450.51,2174.1
71,19,Crissy,UP,435.65,641.28
72,11,Sharline,DELHI,452.83,4483.42
73,6,Felicdad,UP,409.86,1018.72
74,18,Malcolm,UP,302.01,4643.51
75,7,Drona,UK,318.89,1005.99
76,30,Diann,WB,307.1,1466.75
77,2,Ashton,DELHI,495.89,1188.41
78,8,Drusy,UP,395.24,2400.4
79,11,Wendi,DELHI,407.43,833.5
80,11,Maddi,TAMIL NADU,385.07,3324.24
81,19,Winni,UP,397.92,1012.73
82,17,Kendal,DELHI,435.71,3270.82
83,12,Dillon,UK,356.81,1829.63
84,21,Harry,UP,400.1,3373.01
85,26,Harwell,UP,388.44,4872.48
86,20,Tiffy,UP,447.07,4970.92
87,26,Miquela,WB,337.11,4349.67
88,6,Glynnis,WB,477.02,3433.21
89,26,Haleigh,WB,474.6,3061.18
90,14,Penny,UK,320.17,4069.2
91,8,Fraze,UP,488.59,802.82
92,27,Meredith,RAJASTHAN,391.85,647.31
93,18,Martelle,DELHI,330.09,828.27
94,14,Ellen,MAHARASTRA,445.86,672.57
95,3,Marita,UP,490.02,529.92
96,25,Karoly,WB,446.82,2543.76
97,18,Merilyn,DELHI,481.17,3499.87
98,26,Fawnia,WB,426.9,4853.07
99,18,Carmita,UK,489.47,4324.59
100,15,Dolorita,WB,360.3,4488.55
101,8,Gregg,WB,493.95,3897.71
102,4,Krista,MAHARASTRA,347.78,2827.47
103,17,Ottilie,UP,387.32,597.39
104,11,Brinna,TAMIL NADU,427.46,4763.31
105,7,Edyth,MAHARASTRA,328.52,1474.19
106,19,Moritz,RAJASTHAN,355.43,2773.96
107,28,Keen,UP,485.47,3344.93
108,15,Elizabet,TAMIL NADU,465.4,2726.78
109,13,Carri,DELHI,367.59,700.45
110,13,Daune,WB,305.22,923.43
111,15,Renaud,WB,426.2,4966.06
112,8,Natale,MAHARASTRA,433.7,2290.95
113,9,Murray,UP,310.0,2222.28
114,28,Shandie,WB,460.94,4995.4
115,26,Dinah,MAHARASTRA,485.63,1787.31
116,1,Gina,UK,353.0,4726.98
117,21,Katina,DELHI,401.79,2460.32
118,27,Farah,DELHI,415.43,562.93
119,4,Elysha,UP,317.89,3221.25
120,17,Goldina,TAMIL NADU,309.13,3248.04
121,2,Corny,MAHARASTRA,447.26,2709.43
122,3,Port,WB,305.7,1268.86
123,14,Hali,TAMIL NADU,447.6,4500.26
124,3,Alameda,UK,490.0,4777.36
125,12,Fletch,UK,320.29,4013.98
126,3,Barth,TAMIL NADU,378.38,2071.91
127,17,Nevil,TAMIL NADU,308.64,1894.44
128,26,Dimitry,RAJASTHAN,424.24,1614.98
129,0,Winifield,DELHI,432.25,4316.05
130,6,Minnnie,UK,463.22,3019.18
131,9,Aleen,DELHI,381.57,4097.1
132,17,Verine,UP,353.26,3670.71
133,6,Ignacio,UP,479.49,4569.11
134,28,Sileas,TAMIL NADU,444.24,2059.7
135,1,Addy,RAJASTHAN,429.78,4317.87
136,16,Sharyl,TAMIL NADU,457.37,3797.37
137,21,Lian,UP,349.88,4657.99
138,21,Lizzy,TAMIL NADU,313.61,3141.54
139,25,Inesita,UK,494.41,1855.33
140,13,Leland,TAMIL NADU,309.57,3420.57
141,21,Carolin,WB,346.85,871.35
142,13,Roxana,DELHI,467.91,2446.29
143,28,Bernie,UK,455.14,1796.02
144,6,Ahmed,UP,489.0,4917.04
145,19,Fletch,TAMIL NADU,448.82,1134.14
146,14,Peggie,WB,383.46,2617.79
147,4,Krystal,TAMIL NADU,324.15,3313.69
148,3,Clayson,DELHI,454.39,3145.84
149,4,Jock,MAHARASTRA,331.49,3123.38
150,20,Cameron,RAJASTHAN,381.33,615.09
151,4,Aili,MAHARASTRA,394.26,531.17
152,24,Ruthe,UP,307.92,1130.56
153,20,Noah,MAHARASTRA,321.38,4220.89
154,14,Findlay,MAHARASTRA,309.7,2219.95
155,14,Eleanora,TAMIL NADU,328.63,4369.09
156,20,Richart,TAMIL NADU,469.36,4837.53
157,6,Thaddeus,TAMIL NADU,335.73,3199.22
158,0,Gaelan,UP,449.65,2270.29
159,4,Conrad,UP,320.9,3379.48
160,21,Carmon,UK,421.75,4100.35
161,7,Karel,UK,378.19,866.61
162,6,Tobit,UK,388.38,3447.64
163,6,Antonio,DELHI,307.23,2259.57
164,13,Barbette,DELHI,471.88,4438.24
165,26,Ford,UP,399.56,3239.71
166,7,Reina,WB,446.75,1522.3
167,25,Claudette,TAMIL NADU,354.58,1583.48
168,11,Duff,MAHARASTRA,458.7,2755.21
169,25,Brigid,DELHI,326.75,551.66
170,0,Berty,TAMIL NADU,405.97,4857.38
171,7,Ezri,UK,353.11,1384.04
172,12,Arlana,RAJASTHAN,457.23,2955.9
173,26,Nikki,RAJASTHAN,385.1,4610.48
174,7,Manon,UP,479.36,1059.81
175,21,Robby,WB,471.25,1166.99
176,22,Pepita,TAMIL NADU,325.76,2486.01
177,8,Stacy,RAJASTHAN,492.35,4116.43
178,4,Florry,TAMIL NADU,310.16,4009.74
179,2,Doralyn,MAHARASTRA,346.63,3334.35
180,29,Leonie,WB,328.62,3023.71
181,17,Pierce,WB,355.26,4837.82
182,30,Murielle,DELHI,335.82,1657.12
183,5,Maegan,WB,447.1,4358.23
184,15,Arne,MAHARASTRA,492.29,4203.24
185,28,Wandie,TAMIL NADU,399.53,4190.23
186,21,Galven,UK,391.36,3219.18
187,29,Chico,RAJASTHAN,408.38,3349.67
188,1,Kacey,RAJASTHAN,446.27,1934.96
189,11,Matthew,MAHARASTRA,398.4,1646.89
190,7,Malena,UP,314.39,510.94
191,30,Delinda,MAHARASTRA,394.9,4025.3
192,1,Harriette,UP,408.22,796.14
193,6,Daphene,MAHARASTRA,417.82,4002.01
194,6,Denny,UK,489.84,702.24
195,3,Krissy,DELHI,475.32,646.62
196,27,Robers,RAJASTHAN,432.22,3667.38
197,25,Annadiane,TAMIL NADU,433.72,641.15
198,28,Aridatha,UP,389.59,2771.79
199,27,Clint,RAJASTHAN,450.08,1770.1
200,20,Doroteya,WB,348.86,1121.1
201,9,Lira,MAHARASTRA,322.3,4270.49
202,12,Karly,UP,491.47,4136.0
203,27,Lynnett,UP,425.65,1572.66
204,11,Othelia,MAHARASTRA,489.32,1692.68
205,16,Brenden,DELHI,447.65,4993.43
206,2,Joya,TAMIL NADU,304.26,2191.26
207,20,Tremayne,RAJASTHAN,440.3,4221.28
208,25,Goddart,RAJASTHAN,355.93,1810.55
209,13,Randi,DELHI,480.57,4822.78
210,19,Meriel,DELHI,456.39,1530.3
211,24,Kiel,MAHARASTRA,451.2,2937.07
212,18,Flossy,UP,381.32,3842.66
213,21,Minetta,DELHI,312.15,2077.23
214,10,Mortie,RAJASTHAN,368.44,3261.54
215,26,Virgina,MAHARASTRA,405.04,754.79
216,19,Tobey,UK,308.72,2496.21
217,4,Leona,MAHARASTRA,481.12,1537.35
218,28,Syman,TAMIL NADU,455.79,3557.63
219,11,Carlita,DELHI,351.4,3231.5
220,3,Engelbert,TAMIL NADU,489.53,4308.18
221,22,Riley,RAJASTHAN,322.52,4831.96
222,27,Kasey,WB,426.8,1115.89
223,28,Dayle,TAMIL NADU,318.38,3146.73
224,0,Shirley,DELHI,441.96,2257.13
225,5,Thorny,UK,380.32,4411.46
226,1,Estele,UP,343.37,1864.93
227,2,Marianna,TAMIL NADU,384.81,2283.19
228,15,Woodie,WB,479.91,4404.92
229,26,Reeta,UP,305.3,630.08
230,26,Benjie,RAJASTHAN,438.49,4409.6
231,6,Zachary,DELHI,351.26,2962.61
232,0,Sherie,UP,444.11,4356.76
233,30,Reinwald,RAJASTHAN,450.08,3556.56
234,22,Cirilo,MAHARASTRA,348.66,3199.39
235,0,Burl,UP,345.99,1365.91
236,13,Seana,RAJASTHAN,463.36,1553.36
237,6,Shela,WB,344.13,981.87
238,28,Audi,UP,478.51,4703.11
239,17,Carley,RAJASTHAN,397.4,2904.31
240,20,Nero,TAMIL NADU,462.62,2428.28
241,16,Sadella,UK,492.03,1717.7
242,9,Sandie,MAHARASTRA,363.8,3604.95
243,22,Hendrick,UP,373.2,1767.38
244,0,Thatch,UP,426.27,3297.86
245,8,Bernhard,MAHARASTRA,368.22,2319.19
246,19,Oralle,TAMIL NADU,488.41,2185.62
247,0,Blane,MAHARASTRA,390.57,2112.78
248,1,Izzy,TAMIL NADU,332.99,2870.71
249,10,Yul,MAHARASTRA,486.53,3439.61
250,20,Cyrillus,DELHI,348.97,2075.12
251,11,Malva,RAJASTHAN,494.59,2958.91
252,10,Elnora,UK,327.71,3142.45
253,20,Cherida,UP,344.58,571.21
254,24,Maggee,MAHARASTRA,499.04,1820.09
255,5,Marcy,RAJASTHAN,369.95,2113.85
256,23,Garry,UP,450.39,667.43
257,22,Ody,TAMIL NADU,463.79,3809.22
258,17,Sebastiano,UK,488.29,2783.87
259,23,Maritsa,UP,360.95,1661.44
260,23,Toinette,UP,436.59,1495.15
261,8,Whitney,WB,309.89,3204.69
262,14,Lucille,WB,480.24,1479.4
263,24,Ulrika,RAJASTHAN,363.21,2724.61
264,24,Stephine,TAMIL NADU,499.47,3909.56
265,6,Lyndell,UP,457.81,3356.06
266,20,Codie,MAHARASTRA,437.78,1352.16
267,28,Ynez,MAHARASTRA,372.67,3523.3
268,17,Cherilynn,WB,404.97,535.25
269,1,Torry,UP,313.6,4492.25
270,30,Kaitlynn,DELHI,378.25,4520.45
271,1,Shawn,UP,320.59,3646.69
272,28,Palm,MAHARASTRA,466.83,2839.37
273,19,Fidelio,WB,357.36,4626.34
274,1,Kimberli,WB,470.43,3619.56
275,25,Annelise,UK,344.37,4107.12
276,28,Chas,DELHI,391.94,3609.28
277,24,Massimo,WB,474.42,4574.49
278,6,Mil,RAJASTHAN,412.2,2545.11
279,17,Hermione,UP,329.27,2397.87
280,4,Milzie,MAHARASTRA,406.46,1182.67
281,28,Avery,DELHI,330.37,4127.23
282,14,Eziechiele,WB,379.39,1437.25
283,19,Ermin,DELHI,398.22,2649.08
284,19,Sherry,TAMIL NADU,385.62,2514.85
285,9,Natalee,MAHARASTRA,476.09,1238.34
286,12,Ned,RAJASTHAN,432.62,2133.25
287,17,Berna,TAMIL NADU,447.74,3888.06
288,11,Maegan,TAMIL NADU,463.09,4094.34
289,17,Baron,DELHI,472.98,3475.67
290,0,Cash,MAHARASTRA,312.51,515.97
291,21,Howie,WB,464.55,3258.1
292,10,Gianni,RAJASTHAN,466.62,3637.09
293,3,Lynnelle,WB,312.85,1636.23
294,6,Floria,UK,434.47,4382.27
295,0,Shandeigh,WB,456.1,2080.2
296,18,Pooh,RAJASTHAN,383.57,882.87
297,29,Irma,DELHI,412.1,956.96
298,22,Brander,UK,338.46,1770.99
299,26,Celinka,UK,458.23,1192.43
300,27,Karol,DELHI,382.38,974.69
301,28,Cortie,UK,444.35,1092.83
302,27,Bronny,WB,347.0,808.69
303,24,Kailey,DELHI,358.67,1832.88
304,10,Jason,DELHI,398.69,809.16
305,11,Jo ann,UP,421.31,4859.42
306,14,Staford,DELHI,313.0,1895.7
307,12,Marybeth,WB,304.96,3029.58
308,7,Demetre,WB,464.28,1991.75
309,11,Reta,UK,386.35,2904.34
310,27,Lydie,TAMIL NADU,429.69,2151.94
311,5,Conroy,DELHI,463.38,1981.61
312,6,Arnie,WB,333.49,2768.08
313,26,Eldon,UK,469.87,3093.31
314,11,Nollie,MAHARASTRA,325.48,4541.02
315,10,Tiertza,UP,365.43,3547.9
316,28,Gaylor,DELHI,339.22,3323.09
317,2,Valentia,TAMIL NADU,343.41,545.04
318,0,Hildagard,RAJASTHAN,352.68,2967.43
319,2,Vivianne,WB,408.21,3015.26
320,14,Rowney,MAHARASTRA,358.65,4368.54
321,17,Bil,RAJASTHAN,348.63,3530.54
322,4,Deane,UP,305.66,1456.67
323,11,Margarete,RAJASTHAN,465.72,3188.16
324,21,Gaven,RAJASTHAN,398.02,3493.83
325,29,Jessamyn,UP,316.64,3052.43
326,24,Heidi,WB,366.57,718.81
327,8,Toby,TAMIL NADU,492.11,2330.07
328,13,Eleonora,MAHARASTRA,482.05,3940.58
329,13,Kassia,TAMIL NADU,315.44,4398.98
330,0,Elsey,DELHI,408.06,3441.1
331,26,Beverlie,UK,446.19,3230.81
332,28,Suellen,RAJASTHAN,460.3,3452.22
333,1,Land,WB,429.83,2881.84
334,30,Elladine,RAJASTHAN,448.42,3879.99
335,30,Mimi,MAHARASTRA,322.78,1732.22
336,13,Gottfried,WB,427.84,3232.78
337,3,Nanni,TAMIL NADU,480.1,2272.85
338,17,Glynnis,UP,387.99,4759.44
339,7,Binky,RAJASTHAN,419.6,4541.68
340,13,Pia,UK,348.39,4946.8
341,12,Bryant,WB,327.04,4439.53
342,11,Baxy,MAHARASTRA,486.99,4734.48
343,17,Katleen,DELHI,310.14,2077.01
344,26,Naoma,WB,337.97,850.77
345,16,Trevar,UP,347.57,2084.07
346,25,Reeta,DELHI,428.88,4985.3
347,17,Otto,WB,406.95,3415.64
348,11,Jania,MAHARASTRA,425.28,3651.11
349,12,Jenica,WB,320.69,4081.64
350,0,Obadiah,UP,374.71,3629.29
351,14,Willy,UP,300.18,3016.52
352,8,Cyndy,WB,336.99,4038.12
353,25,Cosimo,DELHI,477.91,1083.91
354,15,Kenton,UP,469.81,692.8
355,4,Jacquenetta,DELHI,354.45,3023.72
356,9,Cristal,WB,499.4,3807.47
357,6,Adrienne,TAMIL NADU,401.4,2650.96
358,1,Antonella,DELHI,439.4,4427.96
359,30,Felipe,WB,491.45,944.77
360,29,Tonia,WB,356.0,3338.39
361,2,Loella,MAHARASTRA,355.12,676.61
362,16,Woodrow,UK,480.82,3930.85
363,23,Patricio,TAMIL NADU,468.04,4788.56
364,30,Fawnia,RAJASTHAN,445.64,3771.31
365,29,Jory,DELHI,460.88,3217.14
366,2,Sela,TAMIL NADU,398.65,946.88
367,9,Ranice,UK,470.92,3553.89
368,5,Kalli,TAMIL NADU,417.51,3354.42
369,7,My,MAHARASTRA,487.44,4070.0
370,28,Palm,MAHARASTRA,404.42,1295.74
371,1,Orelie,UK,444.55,4813.6
372,2,Judi,WB,387.96,1615.32
373,19,Antin,UP,309.45,2006.63
374,26,Burnard,UP,458.94,3872.34
375,19,Tommi,UK,316.71,1803.45
376,10,Theodoric,UK,371.34,2334.0
377,14,Dennet,UP,475.11,3743.91
378,23,Gideon,WB,388.6,1456.61
379,6,Rabbi,RAJASTHAN,471.06,4619.66
380,18,Elladine,MAHARASTRA,434.03,3965.82
381,8,Hillier,WB,350.74,4914.54
382,22,Courtney,WB,359.99,2206.18
383,7,Ingaborg,RAJASTHAN,497.12,4869.03
384,16,Cammie,UP,372.73,4129.59
385,30,Keenan,RAJASTHAN,329.78,3689.18
386,6,Barby,WB,444.12,1157.41
387,3,Gregorius,TAMIL NADU,398.98,2237.3
388,12,Charlotta,UK,392.08,2329.52
389,28,Pippy,UK,387.66,1835.71
390,17,Anjanette,TAMIL NADU,382.7,4569.6
391,5,Xena,WB,338.95,1870.66
392,19,Raoul,DELHI,400.27,4322.34
393,17,Isabel,UK,479.94,4609.6
394,12,Miller,DELHI,304.6,1384.27
395,24,Coral,TAMIL NADU,314.83,4080.69
396,11,Cart,UK,460.12,3259.43
397,13,Caty,TAMIL NADU,338.74,3633.18
398,15,Lanae,UP,315.42,996.68
399,18,Alexis,WB,474.42,2638.16
400,24,Jada,TAMIL NADU,477.67,2889.83
401,25,Judd,UP,350.0,2299.36
402,30,Ximenez,RAJASTHAN,440.7,4873.02
403,23,Billye,MAHARASTRA,334.67,4691.15
404,22,Kerrin,DELHI,392.06,2191.6
405,2,Leoine,UK,333.1,3718.1
406,28,Maisey,TAMIL NADU,384.83,1102.93
407,30,Tomi,DELHI,491.0,3625.96
408,16,Hermina,DELHI,468.59,1691.16
409,9,Mar,UP,372.55,4139.51
410,24,Anitra,WB,402.95,4621.92
411,30,Kyle,WB,435.47,2142.83
412,26,Karole,TAMIL NADU,362.66,3990.29
413,7,Paulo,TAMIL NADU,422.08,1871.75
414,12,Melisenda,MAHARASTRA,467.29,3447.53
415,7,Waldo,WB,419.74,3560.62
416,25,Jolee,TAMIL NADU,408.24,4967.27
417,27,Arabel,MAHARASTRA,499.7,4292.17
418,9,Conn,DELHI,489.62,2105.17
419,11,Rosalia,UK,387.92,3157.2
420,26,Pip,UK,377.5,1416.55
421,29,Sarene,UP,329.03,2655.18
422,28,Rachele,DELHI,475.32,2546.81
423,30,Missy,TAMIL NADU,331.05,4122.46
424,23,Alma,DELHI,330.51,2806.03
425,25,Lara,UK,362.51,4951.3
426,11,Rodrique,UK,494.66,1149.57
427,24,Temp,DELHI,401.63,3387.27
428,21,Trude,UK,493.17,2468.1
429,9,Aristotle,WB,448.44,4340.65
430,4,Baudoin,UP,483.01,819.88
431,21,Ranice,UP,315.35,582.28
432,22,Chicky,WB,491.41,1422.7
433,19,Leonard,DELHI,498.81,2049.03
434,6,Rebe,MAHARASTRA,495.44,809.93
435,3,Gilles,DELHI,415.81,1151.9
436,30,Sibylle,TAMIL NADU,395.04,4805.87
437,4,Gilbertine,MAHARASTRA,463.94,2687.65
438,21,Mandy,WB,422.5,3512.62
439,28,Gusta,DELHI,385.79,2592.07
440,9,Abdul,RAJASTHAN,354.46,1601.69
441,30,Durant,WB,333.37,3501.33
442,5,Yule,TAMIL NADU,381.12,1219.05
443,28,Carrie,WB,402.5,3922.19
444,27,Wendye,UK,301.41,611.37
445,13,Galina,MAHARASTRA,306.95,2336.95
446,28,Osbert,WB,300.81,2188.18
447,25,Rosalyn,UP,461.46,1851.46
448,5,Remus,UP,498.13,2962.8
449,30,Gerhardine,MAHARASTRA,425.66,2292.98
450,10,Theda,TAMIL NADU,334.19,4907.36
451,5,Booth,DELHI,380.89,3765.07
452,12,Ardenia,TAMIL NADU,353.45,3610.32
453,2,Saleem,MAHARASTRA,315.68,1764.77
454,8,Vincenz,TAMIL NADU,407.81,3523.47
455,14,Norri,MAHARASTRA,433.24,3369.2
456,12,Marylin,RAJASTHAN,376.2,3009.69
457,22,Hall,DELHI,429.42,641.38
458,27,Brita,UP,340.79,4440.41
459,27,Trudie,RAJASTHAN,316.21,4690.05
460,3,Dorena,WB,443.85,4066.45
461,14,Staci,UP,358.26,3959.74
462,25,Kahaleel,TAMIL NADU,412.19,3000.91
463,17,Eugenio,DELHI,380.71,868.44
464,26,Laurianne,UP,344.44,2336.92
465,10,Vernen,UK,386.65,4685.21
466,9,Linnie,UK,477.82,840.56
467,18,Jaymie,TAMIL NADU,410.69,646.05
468,15,Kimmi,WB,417.14,1968.16
469,3,Dwain,MAHARASTRA,481.25,1473.87
470,26,Elise,RAJASTHAN,448.56,696.75
471,29,Maximilien,RAJASTHAN,374.37,4752.15
472,1,Chandler,UP,498.6,3483.42
473,6,Meridel,WB,319.32,3023.21
474,2,Alic,TAMIL NADU,424.65,1898.29
475,5,Rodina,UP,349.87,1027.54
476,26,Gertrud,UP,399.18,1033.74
477,30,Tracy,UP,385.91,955.13
478,18,Hestia,MAHARASTRA,365.57,1715.14
479,20,Kristen,DELHI,326.27,1723.15
480,7,Ameline,MAHARASTRA,406.29,892.21
481,24,Tamas,WB,436.58,2935.7
482,5,Kahaleel,DELHI,392.29,3991.04
483,2,Karry,DELHI,380.88,4758.4
484,13,Vanya,TAMIL NADU,461.92,3577.92
485,22,Vern,UP,430.02,3109.4
486,5,Tyler,DELHI,452.1,2076.9
487,28,Dalli,TAMIL NADU,366.06,984.72
488,20,Reagan,TAMIL NADU,427.7,1326.56
489,19,Juli,WB,491.89,1807.04
490,12,Javier,TAMIL NADU,346.71,3422.23
491,11,Warde,UK,477.82,4633.57
492,13,Vincent,MAHARASTRA,462.95,990.81
493,5,Meggie,WB,325.63,863.12
494,22,Layla,TAMIL NADU,402.39,2670.07
495,12,Karylin,MAHARASTRA,361.1,1075.3
496,27,Harwell,TAMIL NADU,464.58,1772.31
497,20,Rachel,TAMIL NADU,446.71,3694.74
498,22,Barbabas,WB,442.58,2928.32
499,3,Silas,WB,307.35,1563.07
500,24,Corly,UK,483.93,613.76
501,12,Inga,WB,395.45,4227.91
502,15,Mercy,TAMIL NADU,379.12,1675.02
503,4,Seward,RAJASTHAN,307.28,2541.52
504,5,Claresta,WB,424.65,1306.85
505,1,Melitta,RAJASTHAN,407.11,3122.9
506,9,Kathy,DELHI,359.39,4632.14
507,25,Abner,DELHI,457.91,4126.99
508,1,Megan,TAMIL NADU,430.21,4678.3
509,19,Orbadiah,WB,399.7,3224.76
510,12,Padraic,UK,496.74,4783.14
511,1,Abeu,UK,300.99,3460.54
512,29,Claudelle,MAHARASTRA,367.88,4671.4
513,10,Alexina,DELHI,322.11,4582.05
514,14,Kora,WB,497.63,4984.19
515,3,Valerye,MAHARASTRA,455.2,1042.14
516,27,Aland,UK,494.33,3350.01
517,8,Suki,UK,382.96,4703.19
518,15,Michele,WB,314.33,2786.17
519,5,Cecilia,TAMIL NADU,496.44,2150.79
520,12,Binky,UK,400.59,3954.99
521,6,Darbie,DELHI,389.9,4350.39
522,15,Jud,RAJASTHAN,358.76,1173.48
523,5,Piper,UP,335.34,683.0
524,1,Rossie,RAJASTHAN,405.75,1800.38
525,6,Adena,TAMIL NADU,318.66,4872.12
526,26,Elysha,TAMIL NADU,421.47,4403.44
527,12,Gunner,DELHI,440.44,4979.67
528,7,Wylma,DELHI,457.49,3950.98
529,15,Leshia,RAJASTHAN,490.52,963.26
530,6,Lise,UK,324.25,2802.18
531,26,Laurie,MAHARASTRA,413.88,1925.91
532,24,Roley,RAJASTHAN,405.32,3086.03
533,21,Freddie,MAHARASTRA,347.32,4214.74
534,9,Dory,DELHI,360.6,1486.54
535,10,Sterne,MAHARASTRA,477.44,3909.86
536,6,Judd,RAJASTHAN,364.8,2872.16
537,24,Lincoln,WB,488.2,953.55
538,22,Juliane,DELHI,331.91,2547.02
539,4,Janella,DELHI,391.59,2537.63
540,3,Farrah,TAMIL NADU,321.75,4382.88
541,18,Adriana,UK,460.81,3196.77
542,16,Lissy,DELHI,480.28,1775.19
543,5,Port,DELHI,488.92,3341.58
544,23,Cornelius,TAMIL NADU,411.6,3468.17
545,17,Donny,UK,457.27,695.41
546,13,Bastian,WB,330.26,2682.04
547,5,Vaclav,UK,402.95,4158.21
548,16,Hebert,MAHARASTRA,430.31,2792.61
549,12,Adara,TAMIL NADU,428.43,528.09
550,13,Hynda,RAJASTHAN,454.76,3109.21
551,19,Merrilee,RAJASTHAN,340.73,1199.25
552,12,Bessie,TAMIL NADU,303.65,3103.18
553,7,Randa,DELHI,361.37,3929.24
554,30,Frayda,UP,368.59,3965.3
555,11,Godiva,MAHARASTRA,310.19,2606.25
556,17,Annice,DELHI,490.94,3453.57
557,17,Enrichetta,MAHARASTRA,453.19,785.38
558,5,Indira,RAJASTHAN,367.16,3866.85
559,10,Portia,UK,438.35,2800.68
560,15,Cammy,DELHI,458.36,2556.16
561,14,Brigg,RAJASTHAN,342.52,3082.54
562,23,Arly,UP,473.81,1230.73
563,21,Dorey,TAMIL NADU,486.26,3987.33
564,19,Reeta,UP,376.29,798.06
565,6,Waly,WB,400.02,4576.79
566,18,Vikky,DELHI,411.41,1125.8
567,26,Northrop,DELHI,492.3,2771.49
568,14,Coleen,MAHARASTRA,316.93,1080.98
569,26,Sonnnie,DELHI,486.62,3830.94
570,29,Ermina,MAHARASTRA,344.39,2027.62
571,4,Alexandre,UK,345.27,833.81
572,3,Shanda,TAMIL NADU,431.97,2707.23
573,21,Evelyn,UK,465.29,4406.93
574,18,Milicent,RAJASTHAN,431.41,4870.49
575,15,Ninette,MAHARASTRA,422.9,1832.21
576,27,Gae,DELHI,376.74,855.12
577,1,Hana,DELHI,380.3,3719.37
578,10,Matteo,UK,356.0,2268.56
579,20,Merralee,UP,452.51,1343.84
580,7,Marji,UP,380.01,2020.14
581,15,Miner,TAMIL NADU,499.0,815.74
582,3,Ashla,UP,432.05,3619.7
583,11,Cosme,MAHARASTRA,439.2,3857.78
584,11,Jamie,MAHARASTRA,413.55,3754.69
585,2,Elga,RAJASTHAN,374.58,3642.63
586,23,Odessa,DELHI,456.97,4974.95
587,12,Shell,UK,437.97,731.71
588,13,Willamina,RAJASTHAN,398.93,2285.01
589,30,Galvan,TAMIL NADU,404.39,1699.99
590,24,Leanora,UP,408.31,4551.39
591,19,Gery,RAJASTHAN,355.0,561.97
592,7,Isa,WB,393.52,3562.45
593,20,Liz,UK,334.5,2561.39
594,22,Cybil,RAJASTHAN,494.63,4910.38
595,28,Lorilee,UP,379.43,4805.96
596,20,Thaddus,UP,487.38,1781.43
597,2,Goldarina,UK,457.14,2032.6
598,29,Vikki,DELHI,334.84,2262.31
599,2,Maxy,TAMIL NADU,315.24,2602.81
600,27,Avram,UK,330.95,4587.3
601,27,Brewster,MAHARASTRA,470.06,3130.73
602,30,Bertina,UP,469.7,4935.93
603,6,Sander,DELHI,435.98,2387.85
604,21,Dona,DELHI,463.57,3743.43
605,25,Weider,RAJASTHAN,416.36,510.94
606,6,Joli,MAHARASTRA,399.97,3599.5
607,11,Brinna,MAHARASTRA,450.93,4070.06
608,29,Teresina,UK,329.77,1501.73
609,22,Ulric,DELHI,325.81,4903.33
610,1,Cristi,UK,494.56,1643.53
611,26,Anya,WB,473.4,1573.13
612,25,Shepherd,DELHI,319.5,4799.72
613,26,Rusty,UK,445.47,1039.25
614,13,Galina,UK,321.58,3841.62
615,2,Marika,WB,356.95,3450.14
616,19,Tiebout,WB,314.37,3013.78
617,28,Dorree,WB,499.01,2741.15
618,21,Stafani,UP,492.06,3628.24
619,29,Amabelle,TAMIL NADU,357.42,2739.92
620,10,Errol,MAHARASTRA,402.34,984.16
621,27,Brunhilde,WB,333.03,2467.21
622,17,Vance,UP,315.24,2528.31
623,27,Bonny,TAMIL NADU,472.75,1329.66
624,11,Arlette,RAJASTHAN,483.02,625.29
625,12,Vincent,MAHARASTRA,321.58,980.39
626,18,Ulrick,TAMIL NADU,412.37,2224.13
627,7,Rickert,TAMIL NADU,481.53,4832.07
628,13,Colas,UP,497.59,823.81
629,7,Patten,DELHI,417.91,4441.5
630,25,Gabie,UK,301.18,2352.05
631,20,Janeva,RAJASTHAN,334.91,1940.27
632,15,Rafael,MAHARASTRA,361.93,4050.21
633,4,Tasia,MAHARASTRA,348.66,1072.62
634,13,Jozef,RAJASTHAN,418.08,979.73
635,7,Sonny,RAJASTHAN,342.39,650.64
636,14,Baxy,MAHARASTRA,493.64,2894.93
637,13,Renault,WB,412.2,2341.39
638,23,Blane,TAMIL NADU,371.96,4087.87
639,7,Koressa,WB,308.86,2102.39
640,27,Stesha,MAHARASTRA,423.64,1805.45
641,14,Tiebout,MAHARASTRA,351.8,1900.37
642,26,Sybil,MAHARASTRA,383.06,2079.71
643,30,Marchall,TAMIL NADU,381.29,4260.65
644,1,Brien,MAHARASTRA,471.37,2190.23
645,7,Dur,WB,303.86,876.38
646,13,Allyson,UP,347.78,3667.36
647,8,Kara,TAMIL NADU,309.29,3727.34
648,25,Tootsie,WB,365.5,1111.9
649,18,Christye,UP,451.3,1232.27
650,1,Ki,DELHI,485.8,4367.23
651,29,Barnebas,DELHI,328.82,1685.44
652,2,Alexina,RAJASTHAN,361.71,4135.04
653,24,Morie,RAJASTHAN,359.86,3085.84
654,21,Kerry,DELHI,482.86,4016.27
655,28,Flem,UK,354.26,2661.51
656,6,Kass,UK,411.75,4645.44
657,9,Florida,RAJASTHAN,397.03,712.59
658,22,Patsy,UK,456.16,4771.34
659,22,Diane-marie,DELHI,418.19,2871.16
660,28,Berni,DELHI,376.75,4467.05
661,13,Auguste,RAJASTHAN,346.16,4383.0
662,1,Daune,WB,319.78,1935.3
663,30,Chase,DELHI,471.26,3804.71
664,15,Bjorn,TAMIL NADU,362.68,2929.09
665,18,Crista,MAHARASTRA,499.78,3762.39
666,1,Anatole,TAMIL NADU,334.74,3284.89
667,14,Willow,MAHARASTRA,363.99,1980.47
668,14,Trever,RAJASTHAN,493.24,4479.19
669,18,Averell,UK,498.45,2474.88
670,30,Georgette,RAJASTHAN,434.24,3071.65
671,23,Estevan,TAMIL NADU,411.19,2875.58
672,25,Sebastian,DELHI,367.37,3850.07
673,19,Gabey,UP,367.32,2755.86
674,9,Gale,TAMIL NADU,387.08,4301.03
675,3,Claus,UK,396.87,1927.39
676,10,Elie,DELHI,414.0,1391.25
677,28,Hanny,UK,361.51,4231.62
678,18,Janna,DELHI,360.45,3079.91
679,28,Erna,RAJASTHAN,421.84,3129.07
680,17,Somerset,UP,333.37,4211.89
681,15,Emelen,TAMIL NADU,487.44,3872.72
682,22,Kamilah,WB,438.81,4495.64
683,21,Jacquelynn,UP,453.89,4666.05
684,6,Chantalle,RAJASTHAN,340.13,3864.77
685,6,Bartlet,TAMIL NADU,346.34,1986.89
686,25,Gusta,TAMIL NADU,318.95,3510.65
687,28,Daria,TAMIL NADU,484.66,2870.03
688,20,Florence,MAHARASTRA,375.85,3718.3
689,10,Aksel,DELHI,371.06,1853.05
690,2,Cecil,WB,402.5,2484.34
691,26,Sam,RAJASTHAN,486.46,4675.12
692,2,Stevy,DELHI,450.58,4031.94
693,13,Vilhelmina,MAHARASTRA,308.46,1917.75
694,6,Dinny,RAJASTHAN,435.68,2547.73
695,14,Hayward,DELHI,359.94,2763.53
696,25,Arturo,UP,434.46,4431.24
697,1,Billy,UP,408.73,2764.33
698,27,Shelli,RAJASTHAN,466.16,2307.23
699,29,Marabel,UK,497.07,1042.74
700,30,Sybil,MAHARASTRA,399.65,3990.23
701,26,Abran,MAHARASTRA,323.11,671.25
702,3,Paxton,MAHARASTRA,498.89,3615.56
703,26,Hymie,DELHI,482.72,3240.01
704,18,Elnar,MAHARASTRA,475.04,4864.35
705,25,Merci,DELHI,478.66,1182.59
706,4,Gena,MAHARASTRA,426.4,1055.1
707,10,Isabella,MAHARASTRA,411.77,2128.59
708,25,Blondell,TAMIL NADU,327.9,2553.28
709,28,Marita,UK,467.95,2317.64
710,30,Putnem,TAMIL NADU,409.05,4476.08
711,9,Mae,RAJASTHAN,469.56,4741.37
712,16,Eldredge,WB,399.9,1853.64
713,15,Karmen,UK,352.63,3115.26
714,9,Maxim,TAMIL NADU,355.5,3050.95
715,27,Jessalyn,UP,345.91,1996.12
716,2,Miran,UK,442.68,3692.09
717,6,Madison,RAJASTHAN,343.96,3589.47
718,7,Obed,TAMIL NADU,330.59,2490.81
719,5,Sidnee,MAHARASTRA,422.91,4933.0
720,26,Llywellyn,UP,360.39,3394.19
721,26,Liz,MAHARASTRA,357.78,1394.11
722,18,Lacey,WB,415.26,4700.42
723,7,Silvano,MAHARASTRA,393.78,2673.5
724,11,Mordecai,WB,404.6,891.91
725,8,Aharon,MAHARASTRA,489.5,3116.74
726,21,Gradeigh,RAJASTHAN,474.11,4527.44
727,28,Delainey,DELHI,306.49,4357.25
728,6,Rubia,UP,365.2,3559.23
729,15,Lavinia,WB,369.25,4501.64
730,7,Roanne,MAHARASTRA,323.3,2102.13
731,1,Elsbeth,UP,475.45,710.45
732,29,Arlie,UK,483.43,532.36
733,29,Aviva,UK,491.19,4992.32
734,0,Letti,WB,347.96,4541.61
735,14,Mala,TAMIL NADU,326.84,949.03
736,25,Hilly,RAJASTHAN,342.39,4571.86
737,30,Curtis,MAHARASTRA,378.74,563.98
738,23,Godwin,RAJASTHAN,301.23,1053.76
739,26,Sib,TAMIL NADU,330.51,2806.69
740,19,Stillmann,DELHI,331.31,2856.53
741,7,Carita,UK,362.18,3745.58
742,12,Gilberta,RAJASTHAN,351.1,2797.29
743,0,Vickie,RAJASTHAN,335.3,4337.31
744,4,Thomasina,WB,471.35,1862.47
745,14,Gabbie,RAJASTHAN,459.49,3397.65
746,16,Lindon,WB,462.18,3548.84
747,25,Christy,UK,448.61,2567.05
748,30,Horatius,MAHARASTRA,324.39,2124.45
749,15,Christiana,UP,341.7,1639.18
750,12,Ianthe,DELHI,340.93,4538.4
751,6,Tybalt,DELHI,478.37,3327.26
752,2,Hewett,DELHI,419.75,1832.0
753,7,Konstance,UP,350.13,693.47
754,3,Melodie,RAJASTHAN,329.16,998.43
755,6,Concettina,TAMIL NADU,353.43,4364.0
756,25,Giff,TAMIL NADU,327.53,3177.04
757,14,Caldwell,MAHARASTRA,310.51,2733.81
758,2,Heddie,DELHI,392.78,2207.36
759,2,Laureen,RAJASTHAN,336.31,877.84
760,11,Edeline,UK,329.53,3795.94
761,5,Alvis,RAJASTHAN,394.42,1303.48
762,3,Sher,DELHI,356.94,3150.47
763,1,Ingrim,DELHI,420.24,1429.89
764,23,Babbette,RAJASTHAN,407.25,2416.83
765,12,Osborn,RAJASTHAN,456.52,1294.79
766,7,Larissa,UK,440.23,3818.15
767,15,Paule,RAJASTHAN,313.71,1091.34
768,4,Nina,UP,499.71,2348.82
769,6,Jinny,RAJASTHAN,439.87,4974.39
770,21,Dewey,WB,374.76,1516.21
771,23,Jodie,UP,412.48,3912.68
772,1,Ruthi,UP,329.91,4990.05
773,3,Tannie,WB,360.86,533.38
774,1,Starr,WB,420.98,4747.77
775,5,Lyssa,TAMIL NADU,465.64,3205.73
776,5,Ediva,UK,427.28,4645.8
777,30,Dacey,RAJASTHAN,423.08,3054.27
778,8,Guss,RAJASTHAN,347.62,858.07
779,25,Gavra,WB,487.7,2312.32
780,9,Brietta,UK,423.9,2947.45
781,13,Hendrik,RAJASTHAN,426.34,2874.32
782,3,Gertrude,UK,314.86,2756.17
783,5,Arlin,RAJASTHAN,388.66,3395.57
784,10,Walton,UP,413.77,575.67
785,30,Kirby,TAMIL NADU,428.66,2569.63
786,16,Dannye,UP,387.15,1010.19
787,16,Jacenta,DELHI,438.67,1747.65
788,30,Godfree,DELHI,477.25,3251.57
789,24,Glendon,TAMIL NADU,498.26,1794.43
790,0,Sayre,UP,436.04,3107.28
791,16,Salomone,MAHARASTRA,420.08,2644.88
792,22,Susanne,RAJASTHAN,487.09,3590.93
793,6,Nolly,RAJASTHAN,461.22,3796.35
794,8,Melitta,DELHI,467.9,2175.31
795,15,Evaleen,UK,369.91,1201.69
796,24,Dru,RAJASTHAN,497.73,3861.98
797,3,Sheri,UP,389.56,3142.99
798,3,Luigi,UP,345.72,4181.81
799,29,Remington,TAMIL NADU,339.42,772.61
800,29,Nicolai,TAMIL NADU,407.15,4604.46
801,29,Sarah,DELHI,404.64,4282.7
802,0,Berkly,RAJASTHAN,355.1,4084.34
803,1,Flori,UP,372.67,969.19
804,1,Leslie,RAJASTHAN,352.73,1390.97
805,13,Mae,UK,437.6,2888.55
806,20,Rriocard,RAJASTHAN,385.32,839.23
807,14,Freddi,UK,308.32,3909.73
808,8,Lory,UK,493.14,851.26
809,23,Ludovico,DELHI,494.98,2841.56
810,30,Myrah,RAJASTHAN,383.86,4668.23
811,22,Benny,UK,426.88,3236.21
812,4,Yetta,UK,372.7,1119.5
813,24,Jillayne,RAJASTHAN,405.77,1574.28
814,0,Chauncey,UP,427.05,4372.02
815,30,Austine,TAMIL NADU,376.95,3160.49
816,15,Ives,DELHI,498.67,600.65
817,14,Querida,UP,361.43,4233.17
818,9,Robin,TAMIL NADU,445.71,4871.5
819,11,Tally,TAMIL NADU,470.73,1769.83
820,1,Audrye,DELHI,484.13,2668.16
821,26,Dell,WB,357.65,2607.41
822,30,Rob,TAMIL NADU,302.76,3914.14
823,8,Aldous,WB,345.65,4017.68
824,22,Jere,UP,383.54,2124.48
825,28,Dorris,WB,477.11,4379.05
826,6,Mel,DELHI,351.48,3676.5
827,23,Libbie,MAHARASTRA,335.32,1613.37
828,15,Allie,DELHI,492.01,1399.24
829,7,Cord,DELHI,483.38,2995.6
830,18,Milty,WB,378.91,2122.45
831,11,Deb,TAMIL NADU,382.5,4305.98
832,16,Lura,UP,419.42,1265.05
833,16,Jody,WB,303.88,4689.22
834,12,Hermy,WB,454.15,3346.47
835,26,Sheelah,UP,451.43,4719.27
836,17,Donetta,UK,344.68,3080.01
837,28,Ansley,MAHARASTRA,423.4,2883.04
838,1,Mattie,MAHARASTRA,394.83,1423.21
839,0,Berke,RAJASTHAN,308.7,2143.06
840,7,Deloria,UK,305.16,3017.17
841,9,Kristen,TAMIL NADU,422.24,4488.76
842,11,Reagen,UK,340.06,3041.24
843,22,Dewitt,WB,356.31,1301.18
844,30,Cristie,DELHI,429.82,2423.43
845,27,Carleton,UP,358.76,4303.16
846,24,Sinclare,MAHARASTRA,397.14,4449.19
847,3,Haze,RAJASTHAN,341.05,3263.12
848,17,Bess,DELHI,496.35,1709.66
849,5,Anna-diane,RAJASTHAN,307.59,1083.88
850,12,Reba,UK,497.42,3302.44
851,27,Rochelle,DELHI,464.07,3094.73
852,23,Weylin,MAHARASTRA,338.67,2310.88
853,19,Randell,TAMIL NADU,387.1,3118.06
854,28,Dex,DELHI,479.45,2221.81
855,27,Chrissy,UP,310.39,3577.96
856,5,Oralie,RAJASTHAN,323.78,4452.12
857,4,Angelique,TAMIL NADU,346.17,2347.81
858,11,Margarethe,DELHI,354.57,4735.87
859,29,Minny,WB,498.66,4616.19
860,0,Cristie,UK,494.9,4385.77
861,29,Pamelina,RAJASTHAN,389.0,3331.94
862,27,Morgen,WB,492.11,3563.77
863,10,Vonni,UP,393.97,3180.16
864,24,Lynda,TAMIL NADU,411.37,3327.77
865,1,Emmey,MAHARASTRA,334.11,3984.17
866,16,Franky,DELHI,479.34,1684.98
867,0,Joe,MAHARASTRA,467.76,3040.33
868,9,Hugibert,TAMIL NADU,425.47,3686.55
869,18,Lidia,UP,408.6,2725.74
870,20,Pia,WB,445.25,4169.73
871,26,Daffi,WB,325.62,1892.55
872,22,Jaime,TAMIL NADU,417.71,2252.93
873,25,Bran,WB,407.5,1714.43
874,9,Daniela,MAHARASTRA,379.19,2750.13
875,17,Izzy,MAHARASTRA,490.18,4725.07
876,16,Josefa,RAJASTHAN,484.74,4463.78
877,26,Edeline,UK,371.46,3036.65
878,27,Glennis,WB,386.79,2762.94
879,20,Vassily,TAMIL NADU,437.99,513.71
880,6,Orelia,MAHARASTRA,397.47,3492.14
881,10,Zach,DELHI,300.82,3226.8
882,6,Cherida,UK,452.74,1893.15
883,3,Susi,WB,422.14,4799.18
884,23,Boyd,UP,329.41,2110.53
885,28,Mureil,RAJASTHAN,347.44,598.91
886,0,Rogerio,WB,326.59,4857.32
887,19,Marshall,MAHARASTRA,418.99,4125.03
888,22,Adrian,RAJASTHAN,493.68,2096.9
889,5,Hadlee,MAHARASTRA,383.51,4730.8
890,16,Kellia,DELHI,311.97,3193.32
891,11,Grady,RAJASTHAN,414.16,3414.7
892,4,Devy,DELHI,368.43,2175.39
893,10,Elsinore,UP,352.88,4567.06
894,23,Stacy,TAMIL NADU,458.45,4585.22
895,22,Peirce,DELHI,493.52,2752.23
896,8,Drucie,RAJASTHAN,310.05,3701.03
897,24,Jeanie,UK,334.77,1895.32
898,18,Foss,DELHI,459.96,2569.6
899,23,Brianna,DELHI,497.52,875.95
900,2,Germaine,UK,372.03,1814.86
901,8,Gamaliel,TAMIL NADU,307.37,2106.8
902,26,Daune,UP,493.89,2814.67
903,28,Wakefield,DELHI,450.13,4424.24
904,28,Bab,MAHARASTRA,459.08,4117.9
905,20,Lavinie,WB,341.17,4984.38
906,7,Vidovic,UK,460.38,2695.52
907,10,Spike,WB,389.95,950.26
908,2,Davita,UK,406.46,1599.88
909,28,Ursula,UP,430.8,3032.42
910,0,Melinde,DELHI,402.61,2277.2
911,23,Brendon,DELHI,447.63,1917.47
912,27,Kristina,WB,495.36,1317.62
913,26,Pablo,UP,318.7,2004.18
914,17,Kass,UP,438.28,2816.51
915,8,Sherwood,RAJASTHAN,487.6,1574.32
916,11,Elliott,RAJASTHAN,328.67,2574.57
917,30,Augie,TAMIL NADU,488.84,3470.8
918,5,Thaddus,UP,487.77,4929.21
919,12,Siffre,UK,367.22,904.22
920,30,Kiersten,DELHI,338.02,2424.61
921,4,Charles,MAHARASTRA,498.27,2374.95
922,1,Tucker,RAJASTHAN,435.1,759.54
923,25,Janifer,RAJASTHAN,394.79,2490.11
924,21,Marcellus,UK,322.42,4771.92
925,7,Lawton,RAJASTHAN,361.18,4156.74
926,22,Daryle,UP,378.77,4632.66
927,17,Helaina,UP,369.12,1419.88
928,22,Lowe,MAHARASTRA,369.32,589.44
929,15,Nikolai,WB,442.96,4572.67
930,10,Rosabelle,DELHI,320.2,747.03
931,23,Raquel,RAJASTHAN,317.11,4520.12
932,16,Reta,WB,475.81,2228.9
933,0,Adolphus,DELHI,411.1,3076.26
934,24,Ax,WB,499.7,1026.41
935,15,Rodina,DELHI,400.43,1009.18
936,24,Merrile,RAJASTHAN,322.16,2775.62
937,22,Rurik,UK,468.74,2893.14
938,1,Katha,UK,345.05,3651.9
939,7,Jemima,TAMIL NADU,452.33,3130.29
940,9,Marlyn,WB,412.48,3392.62
941,25,Bartie,UK,321.35,4133.74
942,30,Val,WB,411.56,4639.77
943,6,Noreen,DELHI,402.06,631.11
944,19,Dael,TAMIL NADU,483.98,1964.81
945,2,Nilson,DELHI,448.74,2240.53
946,17,Ricoriki,DELHI,368.66,4622.71
947,23,Gertrud,DELHI,368.31,1219.92
948,7,Costa,RAJASTHAN,474.36,3724.39
949,18,Estel,UK,396.8,917.37
950,20,Minda,MAHARASTRA,396.92,3518.82
951,28,Shea,DELHI,339.96,2339.75
952,17,Randi,WB,462.01,684.26
953,9,Lidia,UP,354.78,3512.35
954,0,Saw,UK,482.33,4331.05
955,27,Caleb,MAHARASTRA,463.21,4857.98
956,9,Joey,UK,314.36,3891.31
957,14,Smith,TAMIL NADU,370.24,2134.68
958,25,Jaquelin,UK,494.76,746.01
959,26,Dall,MAHARASTRA,319.42,1931.78
960,19,Moyna,UP,415.45,3028.74
961,30,Filmore,TAMIL NADU,375.21,733.84
962,23,Gonzales,MAHARASTRA,486.65,3261.83
963,6,Olly,TAMIL NADU,355.51,3536.07
964,5,Annmarie,TAMIL NADU,339.3,2767.07
965,14,Peyter,UK,450.92,854.4
966,27,Vannie,RAJASTHAN,329.16,4286.42
967,2,Barnaby,UP,492.97,3128.31
968,10,Marketa,WB,389.04,3085.69
969,15,Cord,RAJASTHAN,435.59,1155.72
970,29,Karin,WB,460.75,3099.76
971,0,Pate,UK,481.61,4018.93
972,11,Alley,RAJASTHAN,387.54,4210.3
973,25,Etheline,RAJASTHAN,409.89,3362.43
974,29,Torey,MAHARASTRA,474.98,1629.21
975,27,Lenette,UP,401.42,1057.84
976,8,Hugo,UP,374.04,1299.72
977,27,Davie,WB,474.1,1615.69
978,20,Jerald,RAJASTHAN,402.17,3364.69
979,16,Nestor,DELHI,395.13,4878.15
980,14,Margeaux,UK,326.44,2552.16
981,2,Casey,RAJASTHAN,316.67,3419.27
982,12,Lorita,RAJASTHAN,470.86,2054.8
983,24,Rennie,TAMIL NADU,361.72,1291.86
984,4,Bentley,UK,432.27,1848.35
985,0,Dukie,TAMIL NADU,303.58,2559.46
986,6,Towney,UP,331.2,3699.66
987,18,Cosimo,RAJASTHAN,333.73,4680.08
988,5,Shurlocke,DELHI,386.74,4302.55
989,12,Viv,TAMIL NADU,318.22,2588.41
990,4,Roderic,MAHARASTRA,303.56,3772.64
991,9,Onida,MAHARASTRA,328.34,1745.36
992,20,Ilario,UK,402.11,631.61
993,19,Elva,RAJASTHAN,315.87,752.4
994,9,Bernarr,UP,368.05,4107.35
995,21,Ahmed,WB,307.03,4111.82
996,3,Stanislaw,DELHI,423.95,1840.2
997,4,Lilian,UP,380.53,2534.88
998,2,Rusty,TAMIL NADU,436.83,808.91
999,8,Gustave,UK,338.55,4388.21
1000,2,Jarred,WB,473.02,4845.48
