city,min_temp,max_tmp,humidity
Faridabad,32,Syntax error in formula '__legacy_if(this > min_tmp) then min + 5',47.43
Faridabad,23,Syntax error in formula '__legacy_if(this > min_tmp) then min + 5',77.68
Noida,28,Syntax error in formula '__legacy_if(this > min_tmp) then min + 5',23.6
New Delhi,26,Syntax error in formula '__legacy_if(this > min_tmp) then min + 5',83.94
Gurgaon,29,Syntax error in formula '__legacy_if(this > min_tmp) then min + 5',36.28
Gurgaon,37,Syntax error in formula '__legacy_if(this > min_tmp) then min + 5',31.81
Faridabad,28,Syntax error in formula '__legacy_if(this > min_tmp) then min + 5',70.14
New Delhi,36,Syntax error in formula '__legacy_if(this > min_tmp) then min + 5',38.42
New Delhi,40,Syntax error in formula '__legacy_if(this > min_tmp) then min + 5',49.21
Delhi,28,Syntax error in formula '__legacy_if(this > min_tmp) then min + 5',56.62
New Delhi,29,Syntax error in formula '__legacy_if(this > min_tmp) then min + 5',70.69
Faridabad,32,Syntax error in formula '__legacy_if(this > min_tmp) then min + 5',34.48
Delhi,43,Syntax error in formula '__legacy_if(this > min_tmp) then min + 5',29.44
Gurgaon,20,Syntax error in formula '__legacy_if(this > min_tmp) then min + 5',69.9
Faridabad,29,Syntax error in formula '__legacy_if(this > min_tmp) then min + 5',75.72
Faridabad,32,Syntax error in formula '__legacy_if(this > min_tmp) then min + 5',52.72
Gurgaon,40,Syntax error in formula '__legacy_if(this > min_tmp) then min + 5',47.74
Noida,25,Syntax error in formula '__legacy_if(this > min_tmp) then min + 5',22.43
New Delhi,24,Syntax error in formula '__legacy_if(this > min_tmp) then min + 5',76.05
New Delhi,24,Syntax error in formula '__legacy_if(this > min_tmp) then min + 5',20.03
Gurgaon,22,Syntax error in formula '__legacy_if(this > min_tmp) then min + 5',39.98
Noida,41,Syntax error in formula '__legacy_if(this > min_tmp) then min + 5',48.64
Faridabad,27,Syntax error in formula '__legacy_if(this > min_tmp) then min + 5',21.5
Noida,44,Syntax error in formula '__legacy_if(this > min_tmp) then min + 5',60.17
Gurgaon,34,Syntax error in formula '__legacy_if(this > min_tmp) then min + 5',20.98
New Delhi,28,Syntax error in formula '__legacy_if(this > min_tmp) then min + 5',63.61
Delhi,22,Syntax error in formula '__legacy_if(this > min_tmp) then min + 5',29.5
Noida,35,Syntax error in formula '__legacy_if(this > min_tmp) then min + 5',20.67
New Delhi,25,Syntax error in formula '__legacy_if(this > min_tmp) then min + 5',68.77
Faridabad,32,Syntax error in formula '__legacy_if(this > min_tmp) then min + 5',58.97
Gurgaon,25,Syntax error in formula '__legacy_if(this > min_tmp) then min + 5',79.02
New Delhi,26,Syntax error in formula '__legacy_if(this > min_tmp) then min + 5',59.65
Faridabad,31,Syntax error in formula '__legacy_if(this > min_tmp) then min + 5',48.19
New Delhi,32,Syntax error in formula '__legacy_if(this > min_tmp) then min + 5',27.6
Noida,31,Syntax error in formula '__legacy_if(this > min_tmp) then min + 5',84.62
Faridabad,29,Syntax error in formula '__legacy_if(this > min_tmp) then min + 5',54.34
Faridabad,38,Syntax error in formula '__legacy_if(this > min_tmp) then min + 5',47.88
Faridabad,26,Syntax error in formula '__legacy_if(this > min_tmp) then min + 5',53.4
Delhi,43,Syntax error in formula '__legacy_if(this > min_tmp) then min + 5',36.11
Gurgaon,22,Syntax error in formula '__legacy_if(this > min_tmp) then min + 5',37.88
Faridabad,40,Syntax error in formula '__legacy_if(this > min_tmp) then min + 5',22.95
Delhi,41,Syntax error in formula '__legacy_if(this > min_tmp) then min + 5',57.05
Noida,38,Syntax error in formula '__legacy_if(this > min_tmp) then min + 5',24.94
Faridabad,22,Syntax error in formula '__legacy_if(this > min_tmp) then min + 5',69.74
Delhi,40,Syntax error in formula '__legacy_if(this > min_tmp) then min + 5',67.91
Gurgaon,30,Syntax error in formula '__legacy_if(this > min_tmp) then min + 5',28.38
Faridabad,39,Syntax error in formula '__legacy_if(this > min_tmp) then min + 5',35.64
Gurgaon,31,Syntax error in formula '__legacy_if(this > min_tmp) then min + 5',43.08
New Delhi,32,Syntax error in formula '__legacy_if(this > min_tmp) then min + 5',33.3
Delhi,29,Syntax error in formula '__legacy_if(this > min_tmp) then min + 5',69.39
Gurgaon,33,Syntax error in formula '__legacy_if(this > min_tmp) then min + 5',25.94
Faridabad,27,Syntax error in formula '__legacy_if(this > min_tmp) then min + 5',87.34
Noida,33,Syntax error in formula '__legacy_if(this > min_tmp) then min + 5',61.71
New Delhi,25,Syntax error in formula '__legacy_if(this > min_tmp) then min + 5',70.3
Faridabad,26,Syntax error in formula '__legacy_if(this > min_tmp) then min + 5',50.76
Noida,42,Syntax error in formula '__legacy_if(this > min_tmp) then min + 5',66.27
Gurgaon,33,Syntax error in formula '__legacy_if(this > min_tmp) then min + 5',66.58
Noida,32,Syntax error in formula '__legacy_if(this > min_tmp) then min + 5',54.23
Delhi,43,Syntax error in formula '__legacy_if(this > min_tmp) then min + 5',39.82
Gurgaon,25,Syntax error in formula '__legacy_if(this > min_tmp) then min + 5',37.06
Gurgaon,28,Syntax error in formula '__legacy_if(this > min_tmp) then min + 5',50.3
Faridabad,28,Syntax error in formula '__legacy_if(this > min_tmp) then min + 5',75.11
New Delhi,34,Syntax error in formula '__legacy_if(this > min_tmp) then min + 5',36.24
Gurgaon,20,Syntax error in formula '__legacy_if(this > min_tmp) then min + 5',26.62
Delhi,22,Syntax error in formula '__legacy_if(this > min_tmp) then min + 5',88.77
New Delhi,43,Syntax error in formula '__legacy_if(this > min_tmp) then min + 5',41.37
Gurgaon,44,Syntax error in formula '__legacy_if(this > min_tmp) then min + 5',39.81
New Delhi,35,Syntax error in formula '__legacy_if(this > min_tmp) then min + 5',72.15
New Delhi,32,Syntax error in formula '__legacy_if(this > min_tmp) then min + 5',54.57
Gurgaon,25,Syntax error in formula '__legacy_if(this > min_tmp) then min + 5',42.14
Delhi,37,Syntax error in formula '__legacy_if(this > min_tmp) then min + 5',72.64
Delhi,29,Syntax error in formula '__legacy_if(this > min_tmp) then min + 5',73.21
Delhi,35,Syntax error in formula '__legacy_if(this > min_tmp) then min + 5',57.75
Faridabad,23,Syntax error in formula '__legacy_if(this > min_tmp) then min + 5',40.14
Noida,21,Syntax error in formula '__legacy_if(this > min_tmp) then min + 5',47.89
New Delhi,24,Syntax error in formula '__legacy_if(this > min_tmp) then min + 5',88.81
Delhi,23,Syntax error in formula '__legacy_if(this > min_tmp) then min + 5',43.15
Delhi,38,Syntax error in formula '__legacy_if(this > min_tmp) then min + 5',41.41
Delhi,36,Syntax error in formula '__legacy_if(this > min_tmp) then min + 5',57.75
Noida,36,Syntax error in formula '__legacy_if(this > min_tmp) then min + 5',26.95
Delhi,23,Syntax error in formula '__legacy_if(this > min_tmp) then min + 5',39.03
New Delhi,40,Syntax error in formula '__legacy_if(this > min_tmp) then min + 5',22.39
Faridabad,22,Syntax error in formula '__legacy_if(this > min_tmp) then min + 5',81.2
Gurgaon,23,Syntax error in formula '__legacy_if(this > min_tmp) then min + 5',36.47
Delhi,35,Syntax error in formula '__legacy_if(this > min_tmp) then min + 5',89.42
Gurgaon,31,Syntax error in formula '__legacy_if(this > min_tmp) then min + 5',26.59
Noida,42,Syntax error in formula '__legacy_if(this > min_tmp) then min + 5',61.97
Noida,28,Syntax error in formula '__legacy_if(this > min_tmp) then min + 5',82.6
Faridabad,27,Syntax error in formula '__legacy_if(this > min_tmp) then min + 5',78.95
Noida,27,Syntax error in formula '__legacy_if(this > min_tmp) then min + 5',32.17
New Delhi,28,Syntax error in formula '__legacy_if(this > min_tmp) then min + 5',48.31
Delhi,32,Syntax error in formula '__legacy_if(this > min_tmp) then min + 5',81.34
New Delhi,27,Syntax error in formula '__legacy_if(this > min_tmp) then min + 5',89.57
Gurgaon,28,Syntax error in formula '__legacy_if(this > min_tmp) then min + 5',76.79
Faridabad,25,Syntax error in formula '__legacy_if(this > min_tmp) then min + 5',89.64
New Delhi,41,Syntax error in formula '__legacy_if(this > min_tmp) then min + 5',33.76
Faridabad,29,Syntax error in formula '__legacy_if(this > min_tmp) then min + 5',79.8
Noida,34,Syntax error in formula '__legacy_if(this > min_tmp) then min + 5',55.45
Faridabad,40,Syntax error in formula '__legacy_if(this > min_tmp) then min + 5',63.65
Gurgaon,28,Syntax error in formula '__legacy_if(this > min_tmp) then min + 5',59.36
Faridabad,28,Syntax error in formula '__legacy_if(this > min_tmp) then min + 5',48.75
Noida,22,Syntax error in formula '__legacy_if(this > min_tmp) then min + 5',28.67
Noida,27,Syntax error in formula '__legacy_if(this > min_tmp) then min + 5',79.15
New Delhi,21,Syntax error in formula '__legacy_if(this > min_tmp) then min + 5',59.86
Gurgaon,29,Syntax error in formula '__legacy_if(this > min_tmp) then min + 5',62.33
New Delhi,36,Syntax error in formula '__legacy_if(this > min_tmp) then min + 5',87.57
New Delhi,39,Syntax error in formula '__legacy_if(this > min_tmp) then min + 5',56.49
Gurgaon,36,Syntax error in formula '__legacy_if(this > min_tmp) then min + 5',48.38
Noida,40,Syntax error in formula '__legacy_if(this > min_tmp) then min + 5',34.08
Gurgaon,25,Syntax error in formula '__legacy_if(this > min_tmp) then min + 5',52.53
Noida,32,Syntax error in formula '__legacy_if(this > min_tmp) then min + 5',87.86
Faridabad,22,Syntax error in formula '__legacy_if(this > min_tmp) then min + 5',61.2
Gurgaon,30,Syntax error in formula '__legacy_if(this > min_tmp) then min + 5',85.01
Noida,20,Syntax error in formula '__legacy_if(this > min_tmp) then min + 5',25.35
New Delhi,20,Syntax error in formula '__legacy_if(this > min_tmp) then min + 5',69.31
Noida,39,Syntax error in formula '__legacy_if(this > min_tmp) then min + 5',33.24
New Delhi,25,Syntax error in formula '__legacy_if(this > min_tmp) then min + 5',61.87
Gurgaon,45,Syntax error in formula '__legacy_if(this > min_tmp) then min + 5',63.64
Noida,38,Syntax error in formula '__legacy_if(this > min_tmp) then min + 5',29.93
New Delhi,31,Syntax error in formula '__legacy_if(this > min_tmp) then min + 5',69.49
Faridabad,23,Syntax error in formula '__legacy_if(this > min_tmp) then min + 5',25.79
Noida,26,Syntax error in formula '__legacy_if(this > min_tmp) then min + 5',40.35
Gurgaon,38,Syntax error in formula '__legacy_if(this > min_tmp) then min + 5',21.68
Noida,40,Syntax error in formula '__legacy_if(this > min_tmp) then min + 5',71.23
Faridabad,38,Syntax error in formula '__legacy_if(this > min_tmp) then min + 5',61.32
New Delhi,21,Syntax error in formula '__legacy_if(this > min_tmp) then min + 5',87.25
Gurgaon,40,Syntax error in formula '__legacy_if(this > min_tmp) then min + 5',38.59
Noida,22,Syntax error in formula '__legacy_if(this > min_tmp) then min + 5',70.79
Gurgaon,28,Syntax error in formula '__legacy_if(this > min_tmp) then min + 5',74.57
Noida,25,Syntax error in formula '__legacy_if(this > min_tmp) then min + 5',25.15
Delhi,29,Syntax error in formula '__legacy_if(this > min_tmp) then min + 5',86.97
Delhi,23,Syntax error in formula '__legacy_if(this > min_tmp) then min + 5',44.78
Faridabad,30,Syntax error in formula '__legacy_if(this > min_tmp) then min + 5',66.92
Noida,36,Syntax error in formula '__legacy_if(this > min_tmp) then min + 5',65.89
Delhi,34,Syntax error in formula '__legacy_if(this > min_tmp) then min + 5',38.35
New Delhi,44,Syntax error in formula '__legacy_if(this > min_tmp) then min + 5',29.63
Gurgaon,38,Syntax error in formula '__legacy_if(this > min_tmp) then min + 5',44.2
New Delhi,42,Syntax error in formula '__legacy_if(this > min_tmp) then min + 5',28.11
Gurgaon,38,Syntax error in formula '__legacy_if(this > min_tmp) then min + 5',29.57
New Delhi,31,Syntax error in formula '__legacy_if(this > min_tmp) then min + 5',67.61
Delhi,40,Syntax error in formula '__legacy_if(this > min_tmp) then min + 5',39.62
Delhi,24,Syntax error in formula '__legacy_if(this > min_tmp) then min + 5',29.54
Noida,40,Syntax error in formula '__legacy_if(this > min_tmp) then min + 5',32.15
New Delhi,41,Syntax error in formula '__legacy_if(this > min_tmp) then min + 5',71.38
Faridabad,45,Syntax error in formula '__legacy_if(this > min_tmp) then min + 5',70.53
Noida,39,Syntax error in formula '__legacy_if(this > min_tmp) then min + 5',33.08
Gurgaon,37,Syntax error in formula '__legacy_if(this > min_tmp) then min + 5',54.95
Noida,38,Syntax error in formula '__legacy_if(this > min_tmp) then min + 5',49.56
Faridabad,43,Syntax error in formula '__legacy_if(this > min_tmp) then min + 5',70.38
Noida,35,Syntax error in formula '__legacy_if(this > min_tmp) then min + 5',48.97
Noida,45,Syntax error in formula '__legacy_if(this > min_tmp) then min + 5',73.32
Noida,37,Syntax error in formula '__legacy_if(this > min_tmp) then min + 5',27.15
New Delhi,32,Syntax error in formula '__legacy_if(this > min_tmp) then min + 5',64.78
Delhi,29,Syntax error in formula '__legacy_if(this > min_tmp) then min + 5',73.29
Faridabad,38,Syntax error in formula '__legacy_if(this > min_tmp) then min + 5',63.68
Gurgaon,42,Syntax error in formula '__legacy_if(this > min_tmp) then min + 5',29.58
Delhi,30,Syntax error in formula '__legacy_if(this > min_tmp) then min + 5',28.65
Delhi,22,Syntax error in formula '__legacy_if(this > min_tmp) then min + 5',39.8
Noida,27,Syntax error in formula '__legacy_if(this > min_tmp) then min + 5',31.54
New Delhi,37,Syntax error in formula '__legacy_if(this > min_tmp) then min + 5',83.69
Faridabad,34,Syntax error in formula '__legacy_if(this > min_tmp) then min + 5',65.87
New Delhi,22,Syntax error in formula '__legacy_if(this > min_tmp) then min + 5',32.44
New Delhi,38,Syntax error in formula '__legacy_if(this > min_tmp) then min + 5',44.54
New Delhi,26,Syntax error in formula '__legacy_if(this > min_tmp) then min + 5',82.81
Delhi,44,Syntax error in formula '__legacy_if(this > min_tmp) then min + 5',69.4
Gurgaon,43,Syntax error in formula '__legacy_if(this > min_tmp) then min + 5',86.08
Delhi,30,Syntax error in formula '__legacy_if(this > min_tmp) then min + 5',66.41
Noida,37,Syntax error in formula '__legacy_if(this > min_tmp) then min + 5',39.72
Faridabad,35,Syntax error in formula '__legacy_if(this > min_tmp) then min + 5',46.14
Faridabad,45,Syntax error in formula '__legacy_if(this > min_tmp) then min + 5',30.14
Gurgaon,21,Syntax error in formula '__legacy_if(this > min_tmp) then min + 5',47.63
Gurgaon,23,Syntax error in formula '__legacy_if(this > min_tmp) then min + 5',87.19
Faridabad,35,Syntax error in formula '__legacy_if(this > min_tmp) then min + 5',59.27
Gurgaon,20,Syntax error in formula '__legacy_if(this > min_tmp) then min + 5',88.04
Faridabad,29,Syntax error in formula '__legacy_if(this > min_tmp) then min + 5',79.44
Faridabad,38,Syntax error in formula '__legacy_if(this > min_tmp) then min + 5',64.38
Gurgaon,29,Syntax error in formula '__legacy_if(this > min_tmp) then min + 5',47.03
New Delhi,30,Syntax error in formula '__legacy_if(this > min_tmp) then min + 5',48.57
Gurgaon,38,Syntax error in formula '__legacy_if(this > min_tmp) then min + 5',70.62
New Delhi,44,Syntax error in formula '__legacy_if(this > min_tmp) then min + 5',33.36
Gurgaon,35,Syntax error in formula '__legacy_if(this > min_tmp) then min + 5',61.24
Noida,32,Syntax error in formula '__legacy_if(this > min_tmp) then min + 5',61.6
Noida,44,Syntax error in formula '__legacy_if(this > min_tmp) then min + 5',57.27
Delhi,23,Syntax error in formula '__legacy_if(this > min_tmp) then min + 5',76.36
New Delhi,41,Syntax error in formula '__legacy_if(this > min_tmp) then min + 5',73.71
Faridabad,23,Syntax error in formula '__legacy_if(this > min_tmp) then min + 5',85.71
Faridabad,23,Syntax error in formula '__legacy_if(this > min_tmp) then min + 5',26.62
New Delhi,20,Syntax error in formula '__legacy_if(this > min_tmp) then min + 5',56.98
Faridabad,44,Syntax error in formula '__legacy_if(this > min_tmp) then min + 5',83.89
Gurgaon,20,Syntax error in formula '__legacy_if(this > min_tmp) then min + 5',33.88
Noida,26,Syntax error in formula '__legacy_if(this > min_tmp) then min + 5',42.22
Gurgaon,42,Syntax error in formula '__legacy_if(this > min_tmp) then min + 5',61.35
Delhi,24,Syntax error in formula '__legacy_if(this > min_tmp) then min + 5',64.31
New Delhi,42,Syntax error in formula '__legacy_if(this > min_tmp) then min + 5',52.76
Gurgaon,31,Syntax error in formula '__legacy_if(this > min_tmp) then min + 5',76.98
New Delhi,20,Syntax error in formula '__legacy_if(this > min_tmp) then min + 5',57.88
Gurgaon,29,Syntax error in formula '__legacy_if(this > min_tmp) then min + 5',53.72
Faridabad,24,Syntax error in formula '__legacy_if(this > min_tmp) then min + 5',60.94
Faridabad,44,Syntax error in formula '__legacy_if(this > min_tmp) then min + 5',50.02
Faridabad,39,Syntax error in formula '__legacy_if(this > min_tmp) then min + 5',82.92
Gurgaon,30,Syntax error in formula '__legacy_if(this > min_tmp) then min + 5',66.94
New Delhi,25,Syntax error in formula '__legacy_if(this > min_tmp) then min + 5',62.06
Faridabad,33,Syntax error in formula '__legacy_if(this > min_tmp) then min + 5',33.93
Faridabad,39,Syntax error in formula '__legacy_if(this > min_tmp) then min + 5',45.42
Delhi,36,Syntax error in formula '__legacy_if(this > min_tmp) then min + 5',75.2
Noida,30,Syntax error in formula '__legacy_if(this > min_tmp) then min + 5',87.12
Faridabad,30,Syntax error in formula '__legacy_if(this > min_tmp) then min + 5',38.47
Delhi,27,Syntax error in formula '__legacy_if(this > min_tmp) then min + 5',35.74
Gurgaon,44,Syntax error in formula '__legacy_if(this > min_tmp) then min + 5',68.63
Delhi,32,Syntax error in formula '__legacy_if(this > min_tmp) then min + 5',40.57
Noida,22,Syntax error in formula '__legacy_if(this > min_tmp) then min + 5',84.64
Delhi,28,Syntax error in formula '__legacy_if(this > min_tmp) then min + 5',59.67
Noida,39,Syntax error in formula '__legacy_if(this > min_tmp) then min + 5',35.94
Faridabad,34,Syntax error in formula '__legacy_if(this > min_tmp) then min + 5',61.85
Faridabad,29,Syntax error in formula '__legacy_if(this > min_tmp) then min + 5',86.66
New Delhi,29,Syntax error in formula '__legacy_if(this > min_tmp) then min + 5',45.37
Delhi,38,Syntax error in formula '__legacy_if(this > min_tmp) then min + 5',82.56
Noida,28,Syntax error in formula '__legacy_if(this > min_tmp) then min + 5',50.84
Delhi,35,Syntax error in formula '__legacy_if(this > min_tmp) then min + 5',42.34
Delhi,27,Syntax error in formula '__legacy_if(this > min_tmp) then min + 5',54.57
New Delhi,43,Syntax error in formula '__legacy_if(this > min_tmp) then min + 5',37.7
Gurgaon,35,Syntax error in formula '__legacy_if(this > min_tmp) then min + 5',47.16
Noida,28,Syntax error in formula '__legacy_if(this > min_tmp) then min + 5',50.85
Delhi,23,Syntax error in formula '__legacy_if(this > min_tmp) then min + 5',58.84
Faridabad,39,Syntax error in formula '__legacy_if(this > min_tmp) then min + 5',68.34
Delhi,33,Syntax error in formula '__legacy_if(this > min_tmp) then min + 5',44.22
Delhi,30,Syntax error in formula '__legacy_if(this > min_tmp) then min + 5',38.12
Faridabad,38,Syntax error in formula '__legacy_if(this > min_tmp) then min + 5',89.41
Faridabad,26,Syntax error in formula '__legacy_if(this > min_tmp) then min + 5',25.58
Gurgaon,24,Syntax error in formula '__legacy_if(this > min_tmp) then min + 5',83.67
Faridabad,41,Syntax error in formula '__legacy_if(this > min_tmp) then min + 5',35.87
New Delhi,38,Syntax error in formula '__legacy_if(this > min_tmp) then min + 5',22.57
Faridabad,34,Syntax error in formula '__legacy_if(this > min_tmp) then min + 5',49.91
Gurgaon,32,Syntax error in formula '__legacy_if(this > min_tmp) then min + 5',24.73
Gurgaon,21,Syntax error in formula '__legacy_if(this > min_tmp) then min + 5',74.87
New Delhi,22,Syntax error in formula '__legacy_if(this > min_tmp) then min + 5',44.71
Delhi,34,Syntax error in formula '__legacy_if(this > min_tmp) then min + 5',24.45
Faridabad,28,Syntax error in formula '__legacy_if(this > min_tmp) then min + 5',41.36
Faridabad,39,Syntax error in formula '__legacy_if(this > min_tmp) then min + 5',58.67
New Delhi,25,Syntax error in formula '__legacy_if(this > min_tmp) then min + 5',87.99
Gurgaon,31,Syntax error in formula '__legacy_if(this > min_tmp) then min + 5',83.7
Faridabad,37,Syntax error in formula '__legacy_if(this > min_tmp) then min + 5',37.29
Noida,22,Syntax error in formula '__legacy_if(this > min_tmp) then min + 5',42.69
Faridabad,38,Syntax error in formula '__legacy_if(this > min_tmp) then min + 5',80.54
Faridabad,42,Syntax error in formula '__legacy_if(this > min_tmp) then min + 5',66.29
Faridabad,34,Syntax error in formula '__legacy_if(this > min_tmp) then min + 5',43.12
New Delhi,29,Syntax error in formula '__legacy_if(this > min_tmp) then min + 5',28.7
Noida,35,Syntax error in formula '__legacy_if(this > min_tmp) then min + 5',31.22
Delhi,38,Syntax error in formula '__legacy_if(this > min_tmp) then min + 5',60.06
Gurgaon,45,Syntax error in formula '__legacy_if(this > min_tmp) then min + 5',49.19
Delhi,41,Syntax error in formula '__legacy_if(this > min_tmp) then min + 5',63.75
Noida,43,Syntax error in formula '__legacy_if(this > min_tmp) then min + 5',35.13
Delhi,44,Syntax error in formula '__legacy_if(this > min_tmp) then min + 5',57.31
Gurgaon,42,Syntax error in formula '__legacy_if(this > min_tmp) then min + 5',67.68
Noida,36,Syntax error in formula '__legacy_if(this > min_tmp) then min + 5',86.94
Delhi,28,Syntax error in formula '__legacy_if(this > min_tmp) then min + 5',88.61
Gurgaon,37,Syntax error in formula '__legacy_if(this > min_tmp) then min + 5',43.19
Gurgaon,22,Syntax error in formula '__legacy_if(this > min_tmp) then min + 5',37.89
New Delhi,32,Syntax error in formula '__legacy_if(this > min_tmp) then min + 5',68.21
New Delhi,37,Syntax error in formula '__legacy_if(this > min_tmp) then min + 5',83.13
Gurgaon,27,Syntax error in formula '__legacy_if(this > min_tmp) then min + 5',38.99
Gurgaon,21,Syntax error in formula '__legacy_if(this > min_tmp) then min + 5',78.35
Delhi,34,Syntax error in formula '__legacy_if(this > min_tmp) then min + 5',79.07
Faridabad,31,Syntax error in formula '__legacy_if(this > min_tmp) then min + 5',69.03
Noida,36,Syntax error in formula '__legacy_if(this > min_tmp) then min + 5',58.46
Delhi,21,Syntax error in formula '__legacy_if(this > min_tmp) then min + 5',71.69
Gurgaon,27,Syntax error in formula '__legacy_if(this > min_tmp) then min + 5',53.13
Noida,40,Syntax error in formula '__legacy_if(this > min_tmp) then min + 5',64.44
Noida,45,Syntax error in formula '__legacy_if(this > min_tmp) then min + 5',49.24
Gurgaon,31,Syntax error in formula '__legacy_if(this > min_tmp) then min + 5',66.42
Noida,41,Syntax error in formula '__legacy_if(this > min_tmp) then min + 5',35.48
Gurgaon,26,Syntax error in formula '__legacy_if(this > min_tmp) then min + 5',81.61
Delhi,36,Syntax error in formula '__legacy_if(this > min_tmp) then min + 5',22.81
Delhi,33,Syntax error in formula '__legacy_if(this > min_tmp) then min + 5',68.59
New Delhi,45,Syntax error in formula '__legacy_if(this > min_tmp) then min + 5',39.06
Faridabad,32,Syntax error in formula '__legacy_if(this > min_tmp) then min + 5',33.06
Noida,21,Syntax error in formula '__legacy_if(this > min_tmp) then min + 5',68.16
Faridabad,43,Syntax error in formula '__legacy_if(this > min_tmp) then min + 5',39.94
Gurgaon,39,Syntax error in formula '__legacy_if(this > min_tmp) then min + 5',66.37
Noida,33,Syntax error in formula '__legacy_if(this > min_tmp) then min + 5',36.28
Faridabad,28,Syntax error in formula '__legacy_if(this > min_tmp) then min + 5',53.24
New Delhi,38,Syntax error in formula '__legacy_if(this > min_tmp) then min + 5',25.3
Faridabad,38,Syntax error in formula '__legacy_if(this > min_tmp) then min + 5',49.62
Noida,20,Syntax error in formula '__legacy_if(this > min_tmp) then min + 5',57.53
Faridabad,31,Syntax error in formula '__legacy_if(this > min_tmp) then min + 5',46.38
Faridabad,37,Syntax error in formula '__legacy_if(this > min_tmp) then min + 5',60.92
Noida,21,Syntax error in formula '__legacy_if(this > min_tmp) then min + 5',31.59
Faridabad,34,Syntax error in formula '__legacy_if(this > min_tmp) then min + 5',85.68
New Delhi,31,Syntax error in formula '__legacy_if(this > min_tmp) then min + 5',51.6
Noida,31,Syntax error in formula '__legacy_if(this > min_tmp) then min + 5',51.01
Delhi,36,Syntax error in formula '__legacy_if(this > min_tmp) then min + 5',33.92
Delhi,26,Syntax error in formula '__legacy_if(this > min_tmp) then min + 5',86.59
Delhi,32,Syntax error in formula '__legacy_if(this > min_tmp) then min + 5',70.82
Noida,44,Syntax error in formula '__legacy_if(this > min_tmp) then min + 5',70.88
Faridabad,36,Syntax error in formula '__legacy_if(this > min_tmp) then min + 5',79.21
Delhi,30,Syntax error in formula '__legacy_if(this > min_tmp) then min + 5',40.75
Faridabad,29,Syntax error in formula '__legacy_if(this > min_tmp) then min + 5',45.76
Faridabad,39,Syntax error in formula '__legacy_if(this > min_tmp) then min + 5',66.32
Noida,28,Syntax error in formula '__legacy_if(this > min_tmp) then min + 5',81.78
Delhi,29,Syntax error in formula '__legacy_if(this > min_tmp) then min + 5',49.55
New Delhi,27,Syntax error in formula '__legacy_if(this > min_tmp) then min + 5',83.84
Delhi,36,Syntax error in formula '__legacy_if(this > min_tmp) then min + 5',88.16
New Delhi,40,Syntax error in formula '__legacy_if(this > min_tmp) then min + 5',70.3
Noida,25,Syntax error in formula '__legacy_if(this > min_tmp) then min + 5',69.89
Noida,32,Syntax error in formula '__legacy_if(this > min_tmp) then min + 5',44.8
Faridabad,29,Syntax error in formula '__legacy_if(this > min_tmp) then min + 5',56.54
Delhi,31,Syntax error in formula '__legacy_if(this > min_tmp) then min + 5',30.69
New Delhi,39,Syntax error in formula '__legacy_if(this > min_tmp) then min + 5',86.75
Delhi,31,Syntax error in formula '__legacy_if(this > min_tmp) then min + 5',77.36
Delhi,26,Syntax error in formula '__legacy_if(this > min_tmp) then min + 5',55.59
Gurgaon,39,Syntax error in formula '__legacy_if(this > min_tmp) then min + 5',55.69
Gurgaon,33,Syntax error in formula '__legacy_if(this > min_tmp) then min + 5',20.62
Noida,24,Syntax error in formula '__legacy_if(this > min_tmp) then min + 5',63.67
Delhi,23,Syntax error in formula '__legacy_if(this > min_tmp) then min + 5',88.92
Faridabad,45,Syntax error in formula '__legacy_if(this > min_tmp) then min + 5',40.95
Delhi,36,Syntax error in formula '__legacy_if(this > min_tmp) then min + 5',23.1
Gurgaon,23,Syntax error in formula '__legacy_if(this > min_tmp) then min + 5',32.63
Delhi,36,Syntax error in formula '__legacy_if(this > min_tmp) then min + 5',52.0
New Delhi,35,Syntax error in formula '__legacy_if(this > min_tmp) then min + 5',38.54
Delhi,45,Syntax error in formula '__legacy_if(this > min_tmp) then min + 5',31.43
Noida,41,Syntax error in formula '__legacy_if(this > min_tmp) then min + 5',39.01
Faridabad,27,Syntax error in formula '__legacy_if(this > min_tmp) then min + 5',79.97
Gurgaon,41,Syntax error in formula '__legacy_if(this > min_tmp) then min + 5',26.4
New Delhi,34,Syntax error in formula '__legacy_if(this > min_tmp) then min + 5',42.51
Delhi,40,Syntax error in formula '__legacy_if(this > min_tmp) then min + 5',65.46
Gurgaon,22,Syntax error in formula '__legacy_if(this > min_tmp) then min + 5',59.23
Noida,29,Syntax error in formula '__legacy_if(this > min_tmp) then min + 5',64.48
Noida,38,Syntax error in formula '__legacy_if(this > min_tmp) then min + 5',22.76
New Delhi,25,Syntax error in formula '__legacy_if(this > min_tmp) then min + 5',56.98
Delhi,31,Syntax error in formula '__legacy_if(this > min_tmp) then min + 5',27.22
New Delhi,44,Syntax error in formula '__legacy_if(this > min_tmp) then min + 5',24.04
Gurgaon,34,Syntax error in formula '__legacy_if(this > min_tmp) then min + 5',65.55
New Delhi,43,Syntax error in formula '__legacy_if(this > min_tmp) then min + 5',29.71
Delhi,38,Syntax error in formula '__legacy_if(this > min_tmp) then min + 5',20.48
New Delhi,23,Syntax error in formula '__legacy_if(this > min_tmp) then min + 5',74.78
Faridabad,38,Syntax error in formula '__legacy_if(this > min_tmp) then min + 5',46.98
New Delhi,20,Syntax error in formula '__legacy_if(this > min_tmp) then min + 5',35.17
Faridabad,35,Syntax error in formula '__legacy_if(this > min_tmp) then min + 5',47.43
New Delhi,28,Syntax error in formula '__legacy_if(this > min_tmp) then min + 5',25.6
Faridabad,24,Syntax error in formula '__legacy_if(this > min_tmp) then min + 5',55.31
Gurgaon,22,Syntax error in formula '__legacy_if(this > min_tmp) then min + 5',64.4
Faridabad,31,Syntax error in formula '__legacy_if(this > min_tmp) then min + 5',48.09
Gurgaon,28,Syntax error in formula '__legacy_if(this > min_tmp) then min + 5',60.95
New Delhi,44,Syntax error in formula '__legacy_if(this > min_tmp) then min + 5',88.69
Delhi,28,Syntax error in formula '__legacy_if(this > min_tmp) then min + 5',32.06
Noida,26,Syntax error in formula '__legacy_if(this > min_tmp) then min + 5',66.31
Noida,20,Syntax error in formula '__legacy_if(this > min_tmp) then min + 5',45.8
Noida,43,Syntax error in formula '__legacy_if(this > min_tmp) then min + 5',21.37
New Delhi,33,Syntax error in formula '__legacy_if(this > min_tmp) then min + 5',75.12
Gurgaon,27,Syntax error in formula '__legacy_if(this > min_tmp) then min + 5',29.84
Faridabad,45,Syntax error in formula '__legacy_if(this > min_tmp) then min + 5',78.57
Gurgaon,38,Syntax error in formula '__legacy_if(this > min_tmp) then min + 5',32.15
Faridabad,35,Syntax error in formula '__legacy_if(this > min_tmp) then min + 5',82.69
Faridabad,37,Syntax error in formula '__legacy_if(this > min_tmp) then min + 5',33.11
Faridabad,28,Syntax error in formula '__legacy_if(this > min_tmp) then min + 5',75.54
Gurgaon,45,Syntax error in formula '__legacy_if(this > min_tmp) then min + 5',48.32
Gurgaon,44,Syntax error in formula '__legacy_if(this > min_tmp) then min + 5',58.79
Noida,22,Syntax error in formula '__legacy_if(this > min_tmp) then min + 5',69.84
Noida,33,Syntax error in formula '__legacy_if(this > min_tmp) then min + 5',43.85
Delhi,30,Syntax error in formula '__legacy_if(this > min_tmp) then min + 5',52.3
Gurgaon,25,Syntax error in formula '__legacy_if(this > min_tmp) then min + 5',52.33
Gurgaon,21,Syntax error in formula '__legacy_if(this > min_tmp) then min + 5',67.89
Gurgaon,33,Syntax error in formula '__legacy_if(this > min_tmp) then min + 5',28.73
Noida,24,Syntax error in formula '__legacy_if(this > min_tmp) then min + 5',80.89
Noida,22,Syntax error in formula '__legacy_if(this > min_tmp) then min + 5',63.58
New Delhi,27,Syntax error in formula '__legacy_if(this > min_tmp) then min + 5',58.89
Noida,39,Syntax error in formula '__legacy_if(this > min_tmp) then min + 5',30.29
Faridabad,38,Syntax error in formula '__legacy_if(this > min_tmp) then min + 5',66.83
Gurgaon,22,Syntax error in formula '__legacy_if(this > min_tmp) then min + 5',52.48
Faridabad,31,Syntax error in formula '__legacy_if(this > min_tmp) then min + 5',47.36
Faridabad,33,Syntax error in formula '__legacy_if(this > min_tmp) then min + 5',32.47
Delhi,42,Syntax error in formula '__legacy_if(this > min_tmp) then min + 5',26.34
Noida,30,Syntax error in formula '__legacy_if(this > min_tmp) then min + 5',27.4
Delhi,45,Syntax error in formula '__legacy_if(this > min_tmp) then min + 5',68.21
New Delhi,20,Syntax error in formula '__legacy_if(this > min_tmp) then min + 5',66.31
Noida,34,Syntax error in formula '__legacy_if(this > min_tmp) then min + 5',69.25
Gurgaon,35,Syntax error in formula '__legacy_if(this > min_tmp) then min + 5',51.84
New Delhi,41,Syntax error in formula '__legacy_if(this > min_tmp) then min + 5',85.74
Faridabad,42,Syntax error in formula '__legacy_if(this > min_tmp) then min + 5',38.0
Noida,27,Syntax error in formula '__legacy_if(this > min_tmp) then min + 5',52.68
Faridabad,20,Syntax error in formula '__legacy_if(this > min_tmp) then min + 5',50.72
New Delhi,45,Syntax error in formula '__legacy_if(this > min_tmp) then min + 5',49.52
New Delhi,25,Syntax error in formula '__legacy_if(this > min_tmp) then min + 5',73.64
New Delhi,22,Syntax error in formula '__legacy_if(this > min_tmp) then min + 5',76.25
Noida,21,Syntax error in formula '__legacy_if(this > min_tmp) then min + 5',30.84
Noida,45,Syntax error in formula '__legacy_if(this > min_tmp) then min + 5',28.99
Gurgaon,30,Syntax error in formula '__legacy_if(this > min_tmp) then min + 5',41.36
New Delhi,26,Syntax error in formula '__legacy_if(this > min_tmp) then min + 5',34.04
New Delhi,36,Syntax error in formula '__legacy_if(this > min_tmp) then min + 5',35.8
Gurgaon,26,Syntax error in formula '__legacy_if(this > min_tmp) then min + 5',62.62
Noida,22,Syntax error in formula '__legacy_if(this > min_tmp) then min + 5',77.46
New Delhi,23,Syntax error in formula '__legacy_if(this > min_tmp) then min + 5',66.45
Faridabad,22,Syntax error in formula '__legacy_if(this > min_tmp) then min + 5',73.46
Delhi,41,Syntax error in formula '__legacy_if(this > min_tmp) then min + 5',78.84
Delhi,39,Syntax error in formula '__legacy_if(this > min_tmp) then min + 5',84.16
Delhi,33,Syntax error in formula '__legacy_if(this > min_tmp) then min + 5',52.94
Delhi,23,Syntax error in formula '__legacy_if(this > min_tmp) then min + 5',30.63
New Delhi,43,Syntax error in formula '__legacy_if(this > min_tmp) then min + 5',74.25
Gurgaon,37,Syntax error in formula '__legacy_if(this > min_tmp) then min + 5',43.81
Delhi,44,Syntax error in formula '__legacy_if(this > min_tmp) then min + 5',75.76
New Delhi,22,Syntax error in formula '__legacy_if(this > min_tmp) then min + 5',83.47
Delhi,30,Syntax error in formula '__legacy_if(this > min_tmp) then min + 5',76.52
New Delhi,39,Syntax error in formula '__legacy_if(this > min_tmp) then min + 5',65.25
Faridabad,21,Syntax error in formula '__legacy_if(this > min_tmp) then min + 5',46.51
Faridabad,24,Syntax error in formula '__legacy_if(this > min_tmp) then min + 5',80.44
New Delhi,27,Syntax error in formula '__legacy_if(this > min_tmp) then min + 5',88.65
Delhi,27,Syntax error in formula '__legacy_if(this > min_tmp) then min + 5',83.86
Noida,26,Syntax error in formula '__legacy_if(this > min_tmp) then min + 5',71.52
Gurgaon,38,Syntax error in formula '__legacy_if(this > min_tmp) then min + 5',48.31
New Delhi,36,Syntax error in formula '__legacy_if(this > min_tmp) then min + 5',66.23
Delhi,24,Syntax error in formula '__legacy_if(this > min_tmp) then min + 5',33.78
New Delhi,26,Syntax error in formula '__legacy_if(this > min_tmp) then min + 5',30.11
Noida,44,Syntax error in formula '__legacy_if(this > min_tmp) then min + 5',68.54
Delhi,40,Syntax error in formula '__legacy_if(this > min_tmp) then min + 5',54.01
New Delhi,34,Syntax error in formula '__legacy_if(this > min_tmp) then min + 5',81.74
Faridabad,43,Syntax error in formula '__legacy_if(this > min_tmp) then min + 5',29.88
Faridabad,43,Syntax error in formula '__legacy_if(this > min_tmp) then min + 5',40.39
Noida,21,Syntax error in formula '__legacy_if(this > min_tmp) then min + 5',71.28
Noida,40,Syntax error in formula '__legacy_if(this > min_tmp) then min + 5',37.04
Faridabad,31,Syntax error in formula '__legacy_if(this > min_tmp) then min + 5',88.89
Delhi,37,Syntax error in formula '__legacy_if(this > min_tmp) then min + 5',30.55
New Delhi,38,Syntax error in formula '__legacy_if(this > min_tmp) then min + 5',22.25
Delhi,27,Syntax error in formula '__legacy_if(this > min_tmp) then min + 5',54.07
Faridabad,33,Syntax error in formula '__legacy_if(this > min_tmp) then min + 5',21.71
Noida,36,Syntax error in formula '__legacy_if(this > min_tmp) then min + 5',52.74
New Delhi,30,Syntax error in formula '__legacy_if(this > min_tmp) then min + 5',26.86
Delhi,27,Syntax error in formula '__legacy_if(this > min_tmp) then min + 5',84.05
Gurgaon,42,Syntax error in formula '__legacy_if(this > min_tmp) then min + 5',43.37
Delhi,38,Syntax error in formula '__legacy_if(this > min_tmp) then min + 5',55.44
Delhi,24,Syntax error in formula '__legacy_if(this > min_tmp) then min + 5',31.55
Gurgaon,36,Syntax error in formula '__legacy_if(this > min_tmp) then min + 5',35.1
Noida,34,Syntax error in formula '__legacy_if(this > min_tmp) then min + 5',42.69
Delhi,44,Syntax error in formula '__legacy_if(this > min_tmp) then min + 5',40.51
Noida,32,Syntax error in formula '__legacy_if(this > min_tmp) then min + 5',39.53
New Delhi,20,Syntax error in formula '__legacy_if(this > min_tmp) then min + 5',41.04
Gurgaon,25,Syntax error in formula '__legacy_if(this > min_tmp) then min + 5',60.82
New Delhi,33,Syntax error in formula '__legacy_if(this > min_tmp) then min + 5',50.99
Gurgaon,37,Syntax error in formula '__legacy_if(this > min_tmp) then min + 5',27.81
Gurgaon,38,Syntax error in formula '__legacy_if(this > min_tmp) then min + 5',61.11
Noida,43,Syntax error in formula '__legacy_if(this > min_tmp) then min + 5',82.78
New Delhi,21,Syntax error in formula '__legacy_if(this > min_tmp) then min + 5',49.78
Delhi,45,Syntax error in formula '__legacy_if(this > min_tmp) then min + 5',83.01
Faridabad,33,Syntax error in formula '__legacy_if(this > min_tmp) then min + 5',83.68
Delhi,32,Syntax error in formula '__legacy_if(this > min_tmp) then min + 5',26.12
Noida,39,Syntax error in formula '__legacy_if(this > min_tmp) then min + 5',37.99
Gurgaon,38,Syntax error in formula '__legacy_if(this > min_tmp) then min + 5',70.56
Gurgaon,29,Syntax error in formula '__legacy_if(this > min_tmp) then min + 5',46.8
Noida,25,Syntax error in formula '__legacy_if(this > min_tmp) then min + 5',89.51
New Delhi,20,Syntax error in formula '__legacy_if(this > min_tmp) then min + 5',68.43
Noida,35,Syntax error in formula '__legacy_if(this > min_tmp) then min + 5',29.66
Gurgaon,30,Syntax error in formula '__legacy_if(this > min_tmp) then min + 5',36.16
Gurgaon,23,Syntax error in formula '__legacy_if(this > min_tmp) then min + 5',44.84
Delhi,35,Syntax error in formula '__legacy_if(this > min_tmp) then min + 5',51.43
New Delhi,21,Syntax error in formula '__legacy_if(this > min_tmp) then min + 5',61.24
Delhi,36,Syntax error in formula '__legacy_if(this > min_tmp) then min + 5',36.37
Noida,39,Syntax error in formula '__legacy_if(this > min_tmp) then min + 5',47.96
New Delhi,43,Syntax error in formula '__legacy_if(this > min_tmp) then min + 5',61.57
New Delhi,22,Syntax error in formula '__legacy_if(this > min_tmp) then min + 5',31.77
Faridabad,32,Syntax error in formula '__legacy_if(this > min_tmp) then min + 5',49.89
New Delhi,41,Syntax error in formula '__legacy_if(this > min_tmp) then min + 5',71.2
Faridabad,44,Syntax error in formula '__legacy_if(this > min_tmp) then min + 5',74.9
Faridabad,23,Syntax error in formula '__legacy_if(this > min_tmp) then min + 5',49.66
New Delhi,34,Syntax error in formula '__legacy_if(this > min_tmp) then min + 5',69.44
Faridabad,30,Syntax error in formula '__legacy_if(this > min_tmp) then min + 5',85.19
Delhi,40,Syntax error in formula '__legacy_if(this > min_tmp) then min + 5',74.01
Delhi,32,Syntax error in formula '__legacy_if(this > min_tmp) then min + 5',52.65
Faridabad,26,Syntax error in formula '__legacy_if(this > min_tmp) then min + 5',60.19
Noida,21,Syntax error in formula '__legacy_if(this > min_tmp) then min + 5',70.21
Gurgaon,24,Syntax error in formula '__legacy_if(this > min_tmp) then min + 5',28.2
New Delhi,33,Syntax error in formula '__legacy_if(this > min_tmp) then min + 5',55.01
Noida,39,Syntax error in formula '__legacy_if(this > min_tmp) then min + 5',89.66
New Delhi,24,Syntax error in formula '__legacy_if(this > min_tmp) then min + 5',74.99
New Delhi,41,Syntax error in formula '__legacy_if(this > min_tmp) then min + 5',23.0
New Delhi,40,Syntax error in formula '__legacy_if(this > min_tmp) then min + 5',81.25
Faridabad,34,Syntax error in formula '__legacy_if(this > min_tmp) then min + 5',65.86
Gurgaon,38,Syntax error in formula '__legacy_if(this > min_tmp) then min + 5',32.41
Noida,45,Syntax error in formula '__legacy_if(this > min_tmp) then min + 5',47.46
Gurgaon,24,Syntax error in formula '__legacy_if(this > min_tmp) then min + 5',26.33
Delhi,31,Syntax error in formula '__legacy_if(this > min_tmp) then min + 5',68.36
Gurgaon,27,Syntax error in formula '__legacy_if(this > min_tmp) then min + 5',65.1
Faridabad,42,Syntax error in formula '__legacy_if(this > min_tmp) then min + 5',58.16
Noida,27,Syntax error in formula '__legacy_if(this > min_tmp) then min + 5',56.83
Delhi,23,Syntax error in formula '__legacy_if(this > min_tmp) then min + 5',80.25
Noida,41,Syntax error in formula '__legacy_if(this > min_tmp) then min + 5',72.28
Noida,32,Syntax error in formula '__legacy_if(this > min_tmp) then min + 5',61.17
New Delhi,33,Syntax error in formula '__legacy_if(this > min_tmp) then min + 5',31.62
New Delhi,39,Syntax error in formula '__legacy_if(this > min_tmp) then min + 5',77.79
Delhi,43,Syntax error in formula '__legacy_if(this > min_tmp) then min + 5',84.75
Gurgaon,33,Syntax error in formula '__legacy_if(this > min_tmp) then min + 5',82.08
Delhi,37,Syntax error in formula '__legacy_if(this > min_tmp) then min + 5',43.04
Gurgaon,43,Syntax error in formula '__legacy_if(this > min_tmp) then min + 5',89.55
New Delhi,38,Syntax error in formula '__legacy_if(this > min_tmp) then min + 5',42.42
New Delhi,44,Syntax error in formula '__legacy_if(this > min_tmp) then min + 5',61.69
Noida,44,Syntax error in formula '__legacy_if(this > min_tmp) then min + 5',58.83
Noida,27,Syntax error in formula '__legacy_if(this > min_tmp) then min + 5',21.92
Noida,27,Syntax error in formula '__legacy_if(this > min_tmp) then min + 5',55.57
Delhi,42,Syntax error in formula '__legacy_if(this > min_tmp) then min + 5',51.07
Faridabad,28,Syntax error in formula '__legacy_if(this > min_tmp) then min + 5',74.61
Gurgaon,34,Syntax error in formula '__legacy_if(this > min_tmp) then min + 5',50.03
Noida,30,Syntax error in formula '__legacy_if(this > min_tmp) then min + 5',30.99
New Delhi,28,Syntax error in formula '__legacy_if(this > min_tmp) then min + 5',46.16
Faridabad,33,Syntax error in formula '__legacy_if(this > min_tmp) then min + 5',32.18
Noida,42,Syntax error in formula '__legacy_if(this > min_tmp) then min + 5',35.63
Faridabad,31,Syntax error in formula '__legacy_if(this > min_tmp) then min + 5',81.31
Delhi,22,Syntax error in formula '__legacy_if(this > min_tmp) then min + 5',41.4
New Delhi,41,Syntax error in formula '__legacy_if(this > min_tmp) then min + 5',70.82
Noida,21,Syntax error in formula '__legacy_if(this > min_tmp) then min + 5',23.79
Delhi,41,Syntax error in formula '__legacy_if(this > min_tmp) then min + 5',68.06
Faridabad,37,Syntax error in formula '__legacy_if(this > min_tmp) then min + 5',40.3
Faridabad,38,Syntax error in formula '__legacy_if(this > min_tmp) then min + 5',56.34
Noida,34,Syntax error in formula '__legacy_if(this > min_tmp) then min + 5',29.4
Noida,28,Syntax error in formula '__legacy_if(this > min_tmp) then min + 5',60.25
Noida,31,Syntax error in formula '__legacy_if(this > min_tmp) then min + 5',33.58
Delhi,35,Syntax error in formula '__legacy_if(this > min_tmp) then min + 5',63.37
Noida,29,Syntax error in formula '__legacy_if(this > min_tmp) then min + 5',45.19
Faridabad,30,Syntax error in formula '__legacy_if(this > min_tmp) then min + 5',53.64
Faridabad,32,Syntax error in formula '__legacy_if(this > min_tmp) then min + 5',21.56
Noida,36,Syntax error in formula '__legacy_if(this > min_tmp) then min + 5',51.34
Faridabad,41,Syntax error in formula '__legacy_if(this > min_tmp) then min + 5',32.97
New Delhi,35,Syntax error in formula '__legacy_if(this > min_tmp) then min + 5',27.31
Delhi,32,Syntax error in formula '__legacy_if(this > min_tmp) then min + 5',50.71
New Delhi,32,Syntax error in formula '__legacy_if(this > min_tmp) then min + 5',30.3
Noida,41,Syntax error in formula '__legacy_if(this > min_tmp) then min + 5',60.1
New Delhi,37,Syntax error in formula '__legacy_if(this > min_tmp) then min + 5',88.05
Gurgaon,23,Syntax error in formula '__legacy_if(this > min_tmp) then min + 5',41.37
Delhi,37,Syntax error in formula '__legacy_if(this > min_tmp) then min + 5',22.84
Gurgaon,30,Syntax error in formula '__legacy_if(this > min_tmp) then min + 5',75.24
New Delhi,41,Syntax error in formula '__legacy_if(this > min_tmp) then min + 5',34.89
Delhi,37,Syntax error in formula '__legacy_if(this > min_tmp) then min + 5',31.19
Faridabad,30,Syntax error in formula '__legacy_if(this > min_tmp) then min + 5',77.93
Faridabad,30,Syntax error in formula '__legacy_if(this > min_tmp) then min + 5',76.93
Delhi,33,Syntax error in formula '__legacy_if(this > min_tmp) then min + 5',89.77
Gurgaon,39,Syntax error in formula '__legacy_if(this > min_tmp) then min + 5',61.34
Faridabad,21,Syntax error in formula '__legacy_if(this > min_tmp) then min + 5',26.98
Delhi,30,Syntax error in formula '__legacy_if(this > min_tmp) then min + 5',51.33
Noida,44,Syntax error in formula '__legacy_if(this > min_tmp) then min + 5',62.64
Delhi,38,Syntax error in formula '__legacy_if(this > min_tmp) then min + 5',81.7
Delhi,37,Syntax error in formula '__legacy_if(this > min_tmp) then min + 5',54.26
Gurgaon,22,Syntax error in formula '__legacy_if(this > min_tmp) then min + 5',81.21
Noida,35,Syntax error in formula '__legacy_if(this > min_tmp) then min + 5',25.23
Gurgaon,22,Syntax error in formula '__legacy_if(this > min_tmp) then min + 5',71.78
Gurgaon,21,Syntax error in formula '__legacy_if(this > min_tmp) then min + 5',29.4
Delhi,20,Syntax error in formula '__legacy_if(this > min_tmp) then min + 5',51.82
Gurgaon,22,Syntax error in formula '__legacy_if(this > min_tmp) then min + 5',20.6
Noida,25,Syntax error in formula '__legacy_if(this > min_tmp) then min + 5',36.65
New Delhi,42,Syntax error in formula '__legacy_if(this > min_tmp) then min + 5',76.02
New Delhi,20,Syntax error in formula '__legacy_if(this > min_tmp) then min + 5',47.89
Faridabad,24,Syntax error in formula '__legacy_if(this > min_tmp) then min + 5',89.37
Delhi,41,Syntax error in formula '__legacy_if(this > min_tmp) then min + 5',32.11
Faridabad,40,Syntax error in formula '__legacy_if(this > min_tmp) then min + 5',67.85
Gurgaon,25,Syntax error in formula '__legacy_if(this > min_tmp) then min + 5',26.81
Noida,44,Syntax error in formula '__legacy_if(this > min_tmp) then min + 5',46.64
Delhi,29,Syntax error in formula '__legacy_if(this > min_tmp) then min + 5',75.38
Faridabad,44,Syntax error in formula '__legacy_if(this > min_tmp) then min + 5',44.34
New Delhi,45,Syntax error in formula '__legacy_if(this > min_tmp) then min + 5',65.45
New Delhi,28,Syntax error in formula '__legacy_if(this > min_tmp) then min + 5',30.78
Gurgaon,35,Syntax error in formula '__legacy_if(this > min_tmp) then min + 5',35.14
Delhi,31,Syntax error in formula '__legacy_if(this > min_tmp) then min + 5',33.04
Noida,43,Syntax error in formula '__legacy_if(this > min_tmp) then min + 5',68.38
Gurgaon,30,Syntax error in formula '__legacy_if(this > min_tmp) then min + 5',81.02
Noida,34,Syntax error in formula '__legacy_if(this > min_tmp) then min + 5',74.42
New Delhi,45,Syntax error in formula '__legacy_if(this > min_tmp) then min + 5',80.78
Noida,38,Syntax error in formula '__legacy_if(this > min_tmp) then min + 5',21.98
Faridabad,23,Syntax error in formula '__legacy_if(this > min_tmp) then min + 5',70.35
Delhi,42,Syntax error in formula '__legacy_if(this > min_tmp) then min + 5',67.76
Faridabad,23,Syntax error in formula '__legacy_if(this > min_tmp) then min + 5',78.09
New Delhi,40,Syntax error in formula '__legacy_if(this > min_tmp) then min + 5',89.1
Noida,32,Syntax error in formula '__legacy_if(this > min_tmp) then min + 5',68.48
Gurgaon,33,Syntax error in formula '__legacy_if(this > min_tmp) then min + 5',79.22
New Delhi,36,Syntax error in formula '__legacy_if(this > min_tmp) then min + 5',42.37
Faridabad,33,Syntax error in formula '__legacy_if(this > min_tmp) then min + 5',59.63
Delhi,29,Syntax error in formula '__legacy_if(this > min_tmp) then min + 5',29.57
New Delhi,30,Syntax error in formula '__legacy_if(this > min_tmp) then min + 5',84.92
Noida,32,Syntax error in formula '__legacy_if(this > min_tmp) then min + 5',28.74
New Delhi,43,Syntax error in formula '__legacy_if(this > min_tmp) then min + 5',20.85
New Delhi,22,Syntax error in formula '__legacy_if(this > min_tmp) then min + 5',81.49
Gurgaon,31,Syntax error in formula '__legacy_if(this > min_tmp) then min + 5',36.65
Delhi,27,Syntax error in formula '__legacy_if(this > min_tmp) then min + 5',79.9
Delhi,33,Syntax error in formula '__legacy_if(this > min_tmp) then min + 5',81.74
Gurgaon,26,Syntax error in formula '__legacy_if(this > min_tmp) then min + 5',86.68
Noida,35,Syntax error in formula '__legacy_if(this > min_tmp) then min + 5',47.0
Gurgaon,24,Syntax error in formula '__legacy_if(this > min_tmp) then min + 5',37.7
Gurgaon,37,Syntax error in formula '__legacy_if(this > min_tmp) then min + 5',22.41
Faridabad,23,Syntax error in formula '__legacy_if(this > min_tmp) then min + 5',71.26
Delhi,34,Syntax error in formula '__legacy_if(this > min_tmp) then min + 5',51.48
Delhi,35,Syntax error in formula '__legacy_if(this > min_tmp) then min + 5',47.2
Noida,36,Syntax error in formula '__legacy_if(this > min_tmp) then min + 5',57.74
New Delhi,23,Syntax error in formula '__legacy_if(this > min_tmp) then min + 5',41.49
Gurgaon,44,Syntax error in formula '__legacy_if(this > min_tmp) then min + 5',89.76
Faridabad,20,Syntax error in formula '__legacy_if(this > min_tmp) then min + 5',54.91
New Delhi,31,Syntax error in formula '__legacy_if(this > min_tmp) then min + 5',36.34
New Delhi,45,Syntax error in formula '__legacy_if(this > min_tmp) then min + 5',55.17
Noida,33,Syntax error in formula '__legacy_if(this > min_tmp) then min + 5',88.86
Gurgaon,43,Syntax error in formula '__legacy_if(this > min_tmp) then min + 5',69.87
New Delhi,36,Syntax error in formula '__legacy_if(this > min_tmp) then min + 5',28.13
Delhi,43,Syntax error in formula '__legacy_if(this > min_tmp) then min + 5',24.38
New Delhi,21,Syntax error in formula '__legacy_if(this > min_tmp) then min + 5',42.1
Gurgaon,45,Syntax error in formula '__legacy_if(this > min_tmp) then min + 5',86.16
Faridabad,35,Syntax error in formula '__legacy_if(this > min_tmp) then min + 5',42.43
Noida,26,Syntax error in formula '__legacy_if(this > min_tmp) then min + 5',65.43
New Delhi,29,Syntax error in formula '__legacy_if(this > min_tmp) then min + 5',24.44
Delhi,29,Syntax error in formula '__legacy_if(this > min_tmp) then min + 5',51.1
Delhi,42,Syntax error in formula '__legacy_if(this > min_tmp) then min + 5',35.44
Gurgaon,42,Syntax error in formula '__legacy_if(this > min_tmp) then min + 5',22.03
Delhi,22,Syntax error in formula '__legacy_if(this > min_tmp) then min + 5',24.51
Gurgaon,29,Syntax error in formula '__legacy_if(this > min_tmp) then min + 5',68.76
Delhi,40,Syntax error in formula '__legacy_if(this > min_tmp) then min + 5',36.66
Delhi,42,Syntax error in formula '__legacy_if(this > min_tmp) then min + 5',88.0
Gurgaon,24,Syntax error in formula '__legacy_if(this > min_tmp) then min + 5',53.49
Gurgaon,24,Syntax error in formula '__legacy_if(this > min_tmp) then min + 5',24.04
Faridabad,37,Syntax error in formula '__legacy_if(this > min_tmp) then min + 5',79.34
Gurgaon,21,Syntax error in formula '__legacy_if(this > min_tmp) then min + 5',21.61
New Delhi,42,Syntax error in formula '__legacy_if(this > min_tmp) then min + 5',72.88
Gurgaon,31,Syntax error in formula '__legacy_if(this > min_tmp) then min + 5',85.75
Faridabad,32,Syntax error in formula '__legacy_if(this > min_tmp) then min + 5',53.66
Delhi,23,Syntax error in formula '__legacy_if(this > min_tmp) then min + 5',64.11
Delhi,28,Syntax error in formula '__legacy_if(this > min_tmp) then min + 5',63.59
Delhi,21,Syntax error in formula '__legacy_if(this > min_tmp) then min + 5',71.3
Gurgaon,44,Syntax error in formula '__legacy_if(this > min_tmp) then min + 5',57.99
New Delhi,20,Syntax error in formula '__legacy_if(this > min_tmp) then min + 5',81.24
Noida,27,Syntax error in formula '__legacy_if(this > min_tmp) then min + 5',36.65
Delhi,42,Syntax error in formula '__legacy_if(this > min_tmp) then min + 5',78.7
Faridabad,31,Syntax error in formula '__legacy_if(this > min_tmp) then min + 5',29.93
Delhi,27,Syntax error in formula '__legacy_if(this > min_tmp) then min + 5',87.75
Gurgaon,35,Syntax error in formula '__legacy_if(this > min_tmp) then min + 5',38.77
Gurgaon,26,Syntax error in formula '__legacy_if(this > min_tmp) then min + 5',26.14
Gurgaon,22,Syntax error in formula '__legacy_if(this > min_tmp) then min + 5',22.72
Delhi,34,Syntax error in formula '__legacy_if(this > min_tmp) then min + 5',78.51
Faridabad,34,Syntax error in formula '__legacy_if(this > min_tmp) then min + 5',85.71
Gurgaon,23,Syntax error in formula '__legacy_if(this > min_tmp) then min + 5',78.38
Noida,30,Syntax error in formula '__legacy_if(this > min_tmp) then min + 5',80.75
New Delhi,29,Syntax error in formula '__legacy_if(this > min_tmp) then min + 5',26.32
Noida,20,Syntax error in formula '__legacy_if(this > min_tmp) then min + 5',79.78
Noida,28,Syntax error in formula '__legacy_if(this > min_tmp) then min + 5',37.17
New Delhi,34,Syntax error in formula '__legacy_if(this > min_tmp) then min + 5',85.73
Noida,25,Syntax error in formula '__legacy_if(this > min_tmp) then min + 5',34.22
Noida,42,Syntax error in formula '__legacy_if(this > min_tmp) then min + 5',76.51
Faridabad,45,Syntax error in formula '__legacy_if(this > min_tmp) then min + 5',67.35
Delhi,25,Syntax error in formula '__legacy_if(this > min_tmp) then min + 5',22.2
Faridabad,43,Syntax error in formula '__legacy_if(this > min_tmp) then min + 5',81.38
Gurgaon,29,Syntax error in formula '__legacy_if(this > min_tmp) then min + 5',51.29
Gurgaon,43,Syntax error in formula '__legacy_if(this > min_tmp) then min + 5',76.79
New Delhi,39,Syntax error in formula '__legacy_if(this > min_tmp) then min + 5',55.71
Faridabad,21,Syntax error in formula '__legacy_if(this > min_tmp) then min + 5',86.16
Faridabad,22,Syntax error in formula '__legacy_if(this > min_tmp) then min + 5',51.08
New Delhi,35,Syntax error in formula '__legacy_if(this > min_tmp) then min + 5',71.65
Noida,23,Syntax error in formula '__legacy_if(this > min_tmp) then min + 5',53.61
Faridabad,42,Syntax error in formula '__legacy_if(this > min_tmp) then min + 5',75.3
Noida,25,Syntax error in formula '__legacy_if(this > min_tmp) then min + 5',78.64
Noida,26,Syntax error in formula '__legacy_if(this > min_tmp) then min + 5',56.36
Delhi,29,Syntax error in formula '__legacy_if(this > min_tmp) then min + 5',70.36
Delhi,23,Syntax error in formula '__legacy_if(this > min_tmp) then min + 5',26.81
Noida,23,Syntax error in formula '__legacy_if(this > min_tmp) then min + 5',41.13
Gurgaon,30,Syntax error in formula '__legacy_if(this > min_tmp) then min + 5',75.66
Gurgaon,26,Syntax error in formula '__legacy_if(this > min_tmp) then min + 5',23.39
Noida,28,Syntax error in formula '__legacy_if(this > min_tmp) then min + 5',25.69
Delhi,33,Syntax error in formula '__legacy_if(this > min_tmp) then min + 5',59.91
Noida,26,Syntax error in formula '__legacy_if(this > min_tmp) then min + 5',82.21
Delhi,45,Syntax error in formula '__legacy_if(this > min_tmp) then min + 5',62.42
New Delhi,30,Syntax error in formula '__legacy_if(this > min_tmp) then min + 5',32.38
Noida,38,Syntax error in formula '__legacy_if(this > min_tmp) then min + 5',78.7
Faridabad,34,Syntax error in formula '__legacy_if(this > min_tmp) then min + 5',38.51
Delhi,43,Syntax error in formula '__legacy_if(this > min_tmp) then min + 5',27.6
Delhi,36,Syntax error in formula '__legacy_if(this > min_tmp) then min + 5',52.39
Noida,23,Syntax error in formula '__legacy_if(this > min_tmp) then min + 5',54.28
Noida,30,Syntax error in formula '__legacy_if(this > min_tmp) then min + 5',31.48
New Delhi,24,Syntax error in formula '__legacy_if(this > min_tmp) then min + 5',78.54
Faridabad,32,Syntax error in formula '__legacy_if(this > min_tmp) then min + 5',74.58
New Delhi,20,Syntax error in formula '__legacy_if(this > min_tmp) then min + 5',28.17
Faridabad,21,Syntax error in formula '__legacy_if(this > min_tmp) then min + 5',42.75
Gurgaon,41,Syntax error in formula '__legacy_if(this > min_tmp) then min + 5',38.77
Faridabad,31,Syntax error in formula '__legacy_if(this > min_tmp) then min + 5',47.18
Noida,27,Syntax error in formula '__legacy_if(this > min_tmp) then min + 5',35.31
Faridabad,22,Syntax error in formula '__legacy_if(this > min_tmp) then min + 5',33.13
Delhi,36,Syntax error in formula '__legacy_if(this > min_tmp) then min + 5',54.72
Gurgaon,44,Syntax error in formula '__legacy_if(this > min_tmp) then min + 5',60.32
Delhi,36,Syntax error in formula '__legacy_if(this > min_tmp) then min + 5',86.11
New Delhi,29,Syntax error in formula '__legacy_if(this > min_tmp) then min + 5',65.13
Noida,36,Syntax error in formula '__legacy_if(this > min_tmp) then min + 5',21.83
Faridabad,32,Syntax error in formula '__legacy_if(this > min_tmp) then min + 5',66.71
New Delhi,23,Syntax error in formula '__legacy_if(this > min_tmp) then min + 5',33.64
Noida,38,Syntax error in formula '__legacy_if(this > min_tmp) then min + 5',37.38
Delhi,38,Syntax error in formula '__legacy_if(this > min_tmp) then min + 5',71.46
Noida,31,Syntax error in formula '__legacy_if(this > min_tmp) then min + 5',65.73
Delhi,23,Syntax error in formula '__legacy_if(this > min_tmp) then min + 5',68.68
Noida,36,Syntax error in formula '__legacy_if(this > min_tmp) then min + 5',42.36
Delhi,45,Syntax error in formula '__legacy_if(this > min_tmp) then min + 5',39.5
Gurgaon,22,Syntax error in formula '__legacy_if(this > min_tmp) then min + 5',65.14
Delhi,36,Syntax error in formula '__legacy_if(this > min_tmp) then min + 5',27.31
Delhi,44,Syntax error in formula '__legacy_if(this > min_tmp) then min + 5',21.26
Gurgaon,43,Syntax error in formula '__legacy_if(this > min_tmp) then min + 5',75.87
Gurgaon,33,Syntax error in formula '__legacy_if(this > min_tmp) then min + 5',25.74
Faridabad,24,Syntax error in formula '__legacy_if(this > min_tmp) then min + 5',33.14
New Delhi,34,Syntax error in formula '__legacy_if(this > min_tmp) then min + 5',80.51
New Delhi,35,Syntax error in formula '__legacy_if(this > min_tmp) then min + 5',68.02
Delhi,29,Syntax error in formula '__legacy_if(this > min_tmp) then min + 5',36.72
Faridabad,36,Syntax error in formula '__legacy_if(this > min_tmp) then min + 5',73.57
Gurgaon,31,Syntax error in formula '__legacy_if(this > min_tmp) then min + 5',53.64
Noida,43,Syntax error in formula '__legacy_if(this > min_tmp) then min + 5',82.44
Gurgaon,40,Syntax error in formula '__legacy_if(this > min_tmp) then min + 5',34.61
Delhi,44,Syntax error in formula '__legacy_if(this > min_tmp) then min + 5',41.32
Delhi,35,Syntax error in formula '__legacy_if(this > min_tmp) then min + 5',64.0
Noida,23,Syntax error in formula '__legacy_if(this > min_tmp) then min + 5',42.86
Gurgaon,26,Syntax error in formula '__legacy_if(this > min_tmp) then min + 5',81.26
Noida,39,Syntax error in formula '__legacy_if(this > min_tmp) then min + 5',51.97
Faridabad,32,Syntax error in formula '__legacy_if(this > min_tmp) then min + 5',44.82
New Delhi,43,Syntax error in formula '__legacy_if(this > min_tmp) then min + 5',44.83
Gurgaon,45,Syntax error in formula '__legacy_if(this > min_tmp) then min + 5',21.57
New Delhi,43,Syntax error in formula '__legacy_if(this > min_tmp) then min + 5',71.38
New Delhi,44,Syntax error in formula '__legacy_if(this > min_tmp) then min + 5',67.96
Delhi,44,Syntax error in formula '__legacy_if(this > min_tmp) then min + 5',28.24
Faridabad,21,Syntax error in formula '__legacy_if(this > min_tmp) then min + 5',37.61
New Delhi,23,Syntax error in formula '__legacy_if(this > min_tmp) then min + 5',81.23
New Delhi,31,Syntax error in formula '__legacy_if(this > min_tmp) then min + 5',20.76
Faridabad,31,Syntax error in formula '__legacy_if(this > min_tmp) then min + 5',26.71
Gurgaon,31,Syntax error in formula '__legacy_if(this > min_tmp) then min + 5',61.37
Noida,29,Syntax error in formula '__legacy_if(this > min_tmp) then min + 5',55.22
Gurgaon,42,Syntax error in formula '__legacy_if(this > min_tmp) then min + 5',40.27
New Delhi,22,Syntax error in formula '__legacy_if(this > min_tmp) then min + 5',73.9
New Delhi,39,Syntax error in formula '__legacy_if(this > min_tmp) then min + 5',46.53
Faridabad,38,Syntax error in formula '__legacy_if(this > min_tmp) then min + 5',48.7
Delhi,28,Syntax error in formula '__legacy_if(this > min_tmp) then min + 5',50.76
New Delhi,35,Syntax error in formula '__legacy_if(this > min_tmp) then min + 5',27.66
Gurgaon,45,Syntax error in formula '__legacy_if(this > min_tmp) then min + 5',88.7
Faridabad,44,Syntax error in formula '__legacy_if(this > min_tmp) then min + 5',35.94
Noida,32,Syntax error in formula '__legacy_if(this > min_tmp) then min + 5',33.41
Noida,31,Syntax error in formula '__legacy_if(this > min_tmp) then min + 5',78.86
Noida,21,Syntax error in formula '__legacy_if(this > min_tmp) then min + 5',32.15
Gurgaon,33,Syntax error in formula '__legacy_if(this > min_tmp) then min + 5',74.47
New Delhi,26,Syntax error in formula '__legacy_if(this > min_tmp) then min + 5',61.43
New Delhi,26,Syntax error in formula '__legacy_if(this > min_tmp) then min + 5',82.05
Faridabad,42,Syntax error in formula '__legacy_if(this > min_tmp) then min + 5',75.79
Faridabad,43,Syntax error in formula '__legacy_if(this > min_tmp) then min + 5',78.58
Gurgaon,40,Syntax error in formula '__legacy_if(this > min_tmp) then min + 5',74.3
Delhi,26,Syntax error in formula '__legacy_if(this > min_tmp) then min + 5',33.83
Gurgaon,21,Syntax error in formula '__legacy_if(this > min_tmp) then min + 5',69.22
New Delhi,25,Syntax error in formula '__legacy_if(this > min_tmp) then min + 5',52.17
Delhi,24,Syntax error in formula '__legacy_if(this > min_tmp) then min + 5',84.08
New Delhi,24,Syntax error in formula '__legacy_if(this > min_tmp) then min + 5',43.92
Faridabad,36,Syntax error in formula '__legacy_if(this > min_tmp) then min + 5',32.59
Noida,23,Syntax error in formula '__legacy_if(this > min_tmp) then min + 5',87.91
Noida,22,Syntax error in formula '__legacy_if(this > min_tmp) then min + 5',58.67
Faridabad,22,Syntax error in formula '__legacy_if(this > min_tmp) then min + 5',34.89
Delhi,42,Syntax error in formula '__legacy_if(this > min_tmp) then min + 5',64.03
Delhi,22,Syntax error in formula '__legacy_if(this > min_tmp) then min + 5',22.1
New Delhi,20,Syntax error in formula '__legacy_if(this > min_tmp) then min + 5',78.2
Noida,34,Syntax error in formula '__legacy_if(this > min_tmp) then min + 5',43.16
New Delhi,43,Syntax error in formula '__legacy_if(this > min_tmp) then min + 5',63.33
Delhi,23,Syntax error in formula '__legacy_if(this > min_tmp) then min + 5',23.98
Faridabad,21,Syntax error in formula '__legacy_if(this > min_tmp) then min + 5',24.02
Gurgaon,42,Syntax error in formula '__legacy_if(this > min_tmp) then min + 5',30.34
Delhi,39,Syntax error in formula '__legacy_if(this > min_tmp) then min + 5',33.69
Gurgaon,33,Syntax error in formula '__legacy_if(this > min_tmp) then min + 5',20.06
Delhi,21,Syntax error in formula '__legacy_if(this > min_tmp) then min + 5',51.26
New Delhi,31,Syntax error in formula '__legacy_if(this > min_tmp) then min + 5',34.18
New Delhi,43,Syntax error in formula '__legacy_if(this > min_tmp) then min + 5',35.76
Gurgaon,36,Syntax error in formula '__legacy_if(this > min_tmp) then min + 5',42.27
Delhi,44,Syntax error in formula '__legacy_if(this > min_tmp) then min + 5',42.35
Noida,23,Syntax error in formula '__legacy_if(this > min_tmp) then min + 5',74.51
Delhi,27,Syntax error in formula '__legacy_if(this > min_tmp) then min + 5',59.33
Gurgaon,21,Syntax error in formula '__legacy_if(this > min_tmp) then min + 5',44.37
Noida,24,Syntax error in formula '__legacy_if(this > min_tmp) then min + 5',86.26
Gurgaon,27,Syntax error in formula '__legacy_if(this > min_tmp) then min + 5',33.72
Gurgaon,45,Syntax error in formula '__legacy_if(this > min_tmp) then min + 5',76.06
New Delhi,22,Syntax error in formula '__legacy_if(this > min_tmp) then min + 5',20.77
Faridabad,35,Syntax error in formula '__legacy_if(this > min_tmp) then min + 5',72.9
Noida,39,Syntax error in formula '__legacy_if(this > min_tmp) then min + 5',63.67
Faridabad,29,Syntax error in formula '__legacy_if(this > min_tmp) then min + 5',52.24
Faridabad,29,Syntax error in formula '__legacy_if(this > min_tmp) then min + 5',77.31
Gurgaon,36,Syntax error in formula '__legacy_if(this > min_tmp) then min + 5',40.79
Gurgaon,24,Syntax error in formula '__legacy_if(this > min_tmp) then min + 5',60.04
Faridabad,28,Syntax error in formula '__legacy_if(this > min_tmp) then min + 5',82.53
Faridabad,42,Syntax error in formula '__legacy_if(this > min_tmp) then min + 5',42.21
Noida,23,Syntax error in formula '__legacy_if(this > min_tmp) then min + 5',74.97
New Delhi,23,Syntax error in formula '__legacy_if(this > min_tmp) then min + 5',49.52
Faridabad,35,Syntax error in formula '__legacy_if(this > min_tmp) then min + 5',71.47
Delhi,42,Syntax error in formula '__legacy_if(this > min_tmp) then min + 5',69.2
New Delhi,24,Syntax error in formula '__legacy_if(this > min_tmp) then min + 5',85.24
Noida,33,Syntax error in formula '__legacy_if(this > min_tmp) then min + 5',62.6
Delhi,38,Syntax error in formula '__legacy_if(this > min_tmp) then min + 5',61.97
Gurgaon,31,Syntax error in formula '__legacy_if(this > min_tmp) then min + 5',73.87
Gurgaon,32,Syntax error in formula '__legacy_if(this > min_tmp) then min + 5',69.71
Delhi,36,Syntax error in formula '__legacy_if(this > min_tmp) then min + 5',66.38
Faridabad,34,Syntax error in formula '__legacy_if(this > min_tmp) then min + 5',65.54
Delhi,31,Syntax error in formula '__legacy_if(this > min_tmp) then min + 5',53.25
Gurgaon,24,Syntax error in formula '__legacy_if(this > min_tmp) then min + 5',36.94
Noida,41,Syntax error in formula '__legacy_if(this > min_tmp) then min + 5',34.23
Gurgaon,38,Syntax error in formula '__legacy_if(this > min_tmp) then min + 5',59.41
Delhi,38,Syntax error in formula '__legacy_if(this > min_tmp) then min + 5',66.81
Faridabad,22,Syntax error in formula '__legacy_if(this > min_tmp) then min + 5',23.84
New Delhi,29,Syntax error in formula '__legacy_if(this > min_tmp) then min + 5',35.43
New Delhi,41,Syntax error in formula '__legacy_if(this > min_tmp) then min + 5',70.33
Noida,21,Syntax error in formula '__legacy_if(this > min_tmp) then min + 5',79.0
Gurgaon,36,Syntax error in formula '__legacy_if(this > min_tmp) then min + 5',85.85
New Delhi,33,Syntax error in formula '__legacy_if(this > min_tmp) then min + 5',82.95
Faridabad,20,Syntax error in formula '__legacy_if(this > min_tmp) then min + 5',89.84
Faridabad,25,Syntax error in formula '__legacy_if(this > min_tmp) then min + 5',76.96
Gurgaon,40,Syntax error in formula '__legacy_if(this > min_tmp) then min + 5',20.37
Gurgaon,43,Syntax error in formula '__legacy_if(this > min_tmp) then min + 5',39.39
Delhi,39,Syntax error in formula '__legacy_if(this > min_tmp) then min + 5',44.27
New Delhi,21,Syntax error in formula '__legacy_if(this > min_tmp) then min + 5',73.67
New Delhi,36,Syntax error in formula '__legacy_if(this > min_tmp) then min + 5',78.24
Delhi,35,Syntax error in formula '__legacy_if(this > min_tmp) then min + 5',25.69
Delhi,27,Syntax error in formula '__legacy_if(this > min_tmp) then min + 5',48.94
New Delhi,24,Syntax error in formula '__legacy_if(this > min_tmp) then min + 5',89.9
Faridabad,22,Syntax error in formula '__legacy_if(this > min_tmp) then min + 5',75.19
Gurgaon,39,Syntax error in formula '__legacy_if(this > min_tmp) then min + 5',74.98
Gurgaon,23,Syntax error in formula '__legacy_if(this > min_tmp) then min + 5',61.49
Gurgaon,37,Syntax error in formula '__legacy_if(this > min_tmp) then min + 5',75.88
Faridabad,35,Syntax error in formula '__legacy_if(this > min_tmp) then min + 5',71.05
Gurgaon,32,Syntax error in formula '__legacy_if(this > min_tmp) then min + 5',79.12
Faridabad,32,Syntax error in formula '__legacy_if(this > min_tmp) then min + 5',66.54
Gurgaon,21,Syntax error in formula '__legacy_if(this > min_tmp) then min + 5',49.2
Noida,31,Syntax error in formula '__legacy_if(this > min_tmp) then min + 5',27.69
New Delhi,25,Syntax error in formula '__legacy_if(this > min_tmp) then min + 5',81.71
New Delhi,27,Syntax error in formula '__legacy_if(this > min_tmp) then min + 5',58.29
Delhi,45,Syntax error in formula '__legacy_if(this > min_tmp) then min + 5',41.93
Delhi,44,Syntax error in formula '__legacy_if(this > min_tmp) then min + 5',45.75
Noida,35,Syntax error in formula '__legacy_if(this > min_tmp) then min + 5',21.56
Noida,26,Syntax error in formula '__legacy_if(this > min_tmp) then min + 5',67.59
New Delhi,24,Syntax error in formula '__legacy_if(this > min_tmp) then min + 5',74.29
Delhi,25,Syntax error in formula '__legacy_if(this > min_tmp) then min + 5',28.21
Delhi,31,Syntax error in formula '__legacy_if(this > min_tmp) then min + 5',75.95
Delhi,32,Syntax error in formula '__legacy_if(this > min_tmp) then min + 5',64.78
Faridabad,24,Syntax error in formula '__legacy_if(this > min_tmp) then min + 5',72.77
New Delhi,40,Syntax error in formula '__legacy_if(this > min_tmp) then min + 5',75.52
Faridabad,26,Syntax error in formula '__legacy_if(this > min_tmp) then min + 5',22.7
Faridabad,32,Syntax error in formula '__legacy_if(this > min_tmp) then min + 5',64.89
New Delhi,23,Syntax error in formula '__legacy_if(this > min_tmp) then min + 5',85.96
New Delhi,37,Syntax error in formula '__legacy_if(this > min_tmp) then min + 5',81.97
Delhi,33,Syntax error in formula '__legacy_if(this > min_tmp) then min + 5',43.97
Faridabad,23,Syntax error in formula '__legacy_if(this > min_tmp) then min + 5',20.84
Delhi,29,Syntax error in formula '__legacy_if(this > min_tmp) then min + 5',22.32
Gurgaon,43,Syntax error in formula '__legacy_if(this > min_tmp) then min + 5',61.73
Delhi,44,Syntax error in formula '__legacy_if(this > min_tmp) then min + 5',47.49
Delhi,28,Syntax error in formula '__legacy_if(this > min_tmp) then min + 5',32.75
Delhi,33,Syntax error in formula '__legacy_if(this > min_tmp) then min + 5',72.28
Gurgaon,31,Syntax error in formula '__legacy_if(this > min_tmp) then min + 5',26.96
Delhi,28,Syntax error in formula '__legacy_if(this > min_tmp) then min + 5',74.43
Noida,36,Syntax error in formula '__legacy_if(this > min_tmp) then min + 5',68.93
Noida,29,Syntax error in formula '__legacy_if(this > min_tmp) then min + 5',56.41
Gurgaon,37,Syntax error in formula '__legacy_if(this > min_tmp) then min + 5',45.59
Gurgaon,29,Syntax error in formula '__legacy_if(this > min_tmp) then min + 5',20.09
Faridabad,38,Syntax error in formula '__legacy_if(this > min_tmp) then min + 5',34.37
New Delhi,28,Syntax error in formula '__legacy_if(this > min_tmp) then min + 5',54.21
Faridabad,32,Syntax error in formula '__legacy_if(this > min_tmp) then min + 5',42.11
Faridabad,40,Syntax error in formula '__legacy_if(this > min_tmp) then min + 5',68.22
Delhi,40,Syntax error in formula '__legacy_if(this > min_tmp) then min + 5',22.78
New Delhi,45,Syntax error in formula '__legacy_if(this > min_tmp) then min + 5',41.52
Faridabad,42,Syntax error in formula '__legacy_if(this > min_tmp) then min + 5',69.15
Noida,32,Syntax error in formula '__legacy_if(this > min_tmp) then min + 5',37.49
Delhi,41,Syntax error in formula '__legacy_if(this > min_tmp) then min + 5',64.19
Gurgaon,40,Syntax error in formula '__legacy_if(this > min_tmp) then min + 5',46.86
Delhi,42,Syntax error in formula '__legacy_if(this > min_tmp) then min + 5',46.64
Gurgaon,22,Syntax error in formula '__legacy_if(this > min_tmp) then min + 5',25.59
Gurgaon,38,Syntax error in formula '__legacy_if(this > min_tmp) then min + 5',67.92
Delhi,31,Syntax error in formula '__legacy_if(this > min_tmp) then min + 5',53.81
Delhi,44,Syntax error in formula '__legacy_if(this > min_tmp) then min + 5',64.57
Noida,21,Syntax error in formula '__legacy_if(this > min_tmp) then min + 5',26.6
Delhi,34,Syntax error in formula '__legacy_if(this > min_tmp) then min + 5',87.99
Faridabad,38,Syntax error in formula '__legacy_if(this > min_tmp) then min + 5',28.1
Delhi,40,Syntax error in formula '__legacy_if(this > min_tmp) then min + 5',80.85
Noida,36,Syntax error in formula '__legacy_if(this > min_tmp) then min + 5',82.22
Delhi,32,Syntax error in formula '__legacy_if(this > min_tmp) then min + 5',21.15
Gurgaon,25,Syntax error in formula '__legacy_if(this > min_tmp) then min + 5',52.13
Delhi,28,Syntax error in formula '__legacy_if(this > min_tmp) then min + 5',41.55
Gurgaon,35,Syntax error in formula '__legacy_if(this > min_tmp) then min + 5',34.68
Delhi,43,Syntax error in formula '__legacy_if(this > min_tmp) then min + 5',52.8
Delhi,22,Syntax error in formula '__legacy_if(this > min_tmp) then min + 5',59.47
Noida,40,Syntax error in formula '__legacy_if(this > min_tmp) then min + 5',73.64
New Delhi,28,Syntax error in formula '__legacy_if(this > min_tmp) then min + 5',70.18
Delhi,39,Syntax error in formula '__legacy_if(this > min_tmp) then min + 5',39.2
New Delhi,28,Syntax error in formula '__legacy_if(this > min_tmp) then min + 5',40.04
Gurgaon,38,Syntax error in formula '__legacy_if(this > min_tmp) then min + 5',31.7
Delhi,40,Syntax error in formula '__legacy_if(this > min_tmp) then min + 5',87.21
Noida,37,Syntax error in formula '__legacy_if(this > min_tmp) then min + 5',20.4
Faridabad,31,Syntax error in formula '__legacy_if(this > min_tmp) then min + 5',86.05
New Delhi,39,Syntax error in formula '__legacy_if(this > min_tmp) then min + 5',79.12
Noida,22,Syntax error in formula '__legacy_if(this > min_tmp) then min + 5',60.25
New Delhi,28,Syntax error in formula '__legacy_if(this > min_tmp) then min + 5',43.37
Delhi,32,Syntax error in formula '__legacy_if(this > min_tmp) then min + 5',84.81
Faridabad,25,Syntax error in formula '__legacy_if(this > min_tmp) then min + 5',44.5
Noida,26,Syntax error in formula '__legacy_if(this > min_tmp) then min + 5',26.52
Noida,21,Syntax error in formula '__legacy_if(this > min_tmp) then min + 5',31.67
Noida,43,Syntax error in formula '__legacy_if(this > min_tmp) then min + 5',64.97
Delhi,37,Syntax error in formula '__legacy_if(this > min_tmp) then min + 5',35.47
Faridabad,32,Syntax error in formula '__legacy_if(this > min_tmp) then min + 5',46.87
Gurgaon,41,Syntax error in formula '__legacy_if(this > min_tmp) then min + 5',62.57
Noida,23,Syntax error in formula '__legacy_if(this > min_tmp) then min + 5',47.91
New Delhi,43,Syntax error in formula '__legacy_if(this > min_tmp) then min + 5',49.9
Faridabad,30,Syntax error in formula '__legacy_if(this > min_tmp) then min + 5',24.25
New Delhi,43,Syntax error in formula '__legacy_if(this > min_tmp) then min + 5',75.72
New Delhi,36,Syntax error in formula '__legacy_if(this > min_tmp) then min + 5',48.33
Faridabad,31,Syntax error in formula '__legacy_if(this > min_tmp) then min + 5',74.3
New Delhi,45,Syntax error in formula '__legacy_if(this > min_tmp) then min + 5',59.08
Gurgaon,22,Syntax error in formula '__legacy_if(this > min_tmp) then min + 5',46.36
Noida,27,Syntax error in formula '__legacy_if(this > min_tmp) then min + 5',89.07
New Delhi,42,Syntax error in formula '__legacy_if(this > min_tmp) then min + 5',50.94
Faridabad,38,Syntax error in formula '__legacy_if(this > min_tmp) then min + 5',59.24
Gurgaon,40,Syntax error in formula '__legacy_if(this > min_tmp) then min + 5',28.97
Noida,45,Syntax error in formula '__legacy_if(this > min_tmp) then min + 5',74.93
New Delhi,39,Syntax error in formula '__legacy_if(this > min_tmp) then min + 5',24.36
Faridabad,32,Syntax error in formula '__legacy_if(this > min_tmp) then min + 5',66.02
Faridabad,23,Syntax error in formula '__legacy_if(this > min_tmp) then min + 5',74.1
New Delhi,44,Syntax error in formula '__legacy_if(this > min_tmp) then min + 5',76.37
Faridabad,23,Syntax error in formula '__legacy_if(this > min_tmp) then min + 5',38.25
New Delhi,21,Syntax error in formula '__legacy_if(this > min_tmp) then min + 5',33.89
Noida,45,Syntax error in formula '__legacy_if(this > min_tmp) then min + 5',78.56
Delhi,25,Syntax error in formula '__legacy_if(this > min_tmp) then min + 5',66.72
Noida,33,Syntax error in formula '__legacy_if(this > min_tmp) then min + 5',22.55
New Delhi,42,Syntax error in formula '__legacy_if(this > min_tmp) then min + 5',28.7
Noida,26,Syntax error in formula '__legacy_if(this > min_tmp) then min + 5',79.89
Gurgaon,40,Syntax error in formula '__legacy_if(this > min_tmp) then min + 5',52.24
Gurgaon,26,Syntax error in formula '__legacy_if(this > min_tmp) then min + 5',22.66
Faridabad,39,Syntax error in formula '__legacy_if(this > min_tmp) then min + 5',71.11
New Delhi,27,Syntax error in formula '__legacy_if(this > min_tmp) then min + 5',69.75
Gurgaon,26,Syntax error in formula '__legacy_if(this > min_tmp) then min + 5',40.22
Delhi,42,Syntax error in formula '__legacy_if(this > min_tmp) then min + 5',59.97
New Delhi,25,Syntax error in formula '__legacy_if(this > min_tmp) then min + 5',46.15
Delhi,31,Syntax error in formula '__legacy_if(this > min_tmp) then min + 5',87.12
Delhi,24,Syntax error in formula '__legacy_if(this > min_tmp) then min + 5',47.34
New Delhi,28,Syntax error in formula '__legacy_if(this > min_tmp) then min + 5',74.99
Gurgaon,45,Syntax error in formula '__legacy_if(this > min_tmp) then min + 5',73.07
Gurgaon,41,Syntax error in formula '__legacy_if(this > min_tmp) then min + 5',33.31
New Delhi,45,Syntax error in formula '__legacy_if(this > min_tmp) then min + 5',73.82
New Delhi,31,Syntax error in formula '__legacy_if(this > min_tmp) then min + 5',88.48
Faridabad,37,Syntax error in formula '__legacy_if(this > min_tmp) then min + 5',30.29
Noida,41,Syntax error in formula '__legacy_if(this > min_tmp) then min + 5',83.02
New Delhi,28,Syntax error in formula '__legacy_if(this > min_tmp) then min + 5',78.83
Gurgaon,36,Syntax error in formula '__legacy_if(this > min_tmp) then min + 5',37.2
Gurgaon,44,Syntax error in formula '__legacy_if(this > min_tmp) then min + 5',46.43
Noida,31,Syntax error in formula '__legacy_if(this > min_tmp) then min + 5',27.33
Gurgaon,26,Syntax error in formula '__legacy_if(this > min_tmp) then min + 5',78.79
New Delhi,33,Syntax error in formula '__legacy_if(this > min_tmp) then min + 5',34.0
Noida,38,Syntax error in formula '__legacy_if(this > min_tmp) then min + 5',81.42
Faridabad,32,Syntax error in formula '__legacy_if(this > min_tmp) then min + 5',81.48
Delhi,28,Syntax error in formula '__legacy_if(this > min_tmp) then min + 5',55.88
New Delhi,44,Syntax error in formula '__legacy_if(this > min_tmp) then min + 5',22.74
New Delhi,25,Syntax error in formula '__legacy_if(this > min_tmp) then min + 5',72.12
Faridabad,30,Syntax error in formula '__legacy_if(this > min_tmp) then min + 5',79.96
Noida,25,Syntax error in formula '__legacy_if(this > min_tmp) then min + 5',41.81
Noida,38,Syntax error in formula '__legacy_if(this > min_tmp) then min + 5',62.32
New Delhi,29,Syntax error in formula '__legacy_if(this > min_tmp) then min + 5',60.37
Gurgaon,23,Syntax error in formula '__legacy_if(this > min_tmp) then min + 5',62.31
Faridabad,24,Syntax error in formula '__legacy_if(this > min_tmp) then min + 5',50.72
Faridabad,21,Syntax error in formula '__legacy_if(this > min_tmp) then min + 5',49.06
Faridabad,24,Syntax error in formula '__legacy_if(this > min_tmp) then min + 5',53.77
Noida,42,Syntax error in formula '__legacy_if(this > min_tmp) then min + 5',27.68
Faridabad,35,Syntax error in formula '__legacy_if(this > min_tmp) then min + 5',24.9
Noida,20,Syntax error in formula '__legacy_if(this > min_tmp) then min + 5',35.98
Delhi,31,Syntax error in formula '__legacy_if(this > min_tmp) then min + 5',73.68
Faridabad,30,Syntax error in formula '__legacy_if(this > min_tmp) then min + 5',72.31
Delhi,45,Syntax error in formula '__legacy_if(this > min_tmp) then min + 5',38.68
Gurgaon,35,Syntax error in formula '__legacy_if(this > min_tmp) then min + 5',82.88
Noida,41,Syntax error in formula '__legacy_if(this > min_tmp) then min + 5',59.73
Gurgaon,26,Syntax error in formula '__legacy_if(this > min_tmp) then min + 5',29.12
Delhi,24,Syntax error in formula '__legacy_if(this > min_tmp) then min + 5',65.36
Delhi,22,Syntax error in formula '__legacy_if(this > min_tmp) then min + 5',57.08
Noida,32,Syntax error in formula '__legacy_if(this > min_tmp) then min + 5',51.16
Gurgaon,40,Syntax error in formula '__legacy_if(this > min_tmp) then min + 5',74.11
Faridabad,45,Syntax error in formula '__legacy_if(this > min_tmp) then min + 5',28.6
Faridabad,33,Syntax error in formula '__legacy_if(this > min_tmp) then min + 5',63.99
Gurgaon,29,Syntax error in formula '__legacy_if(this > min_tmp) then min + 5',24.28
New Delhi,39,Syntax error in formula '__legacy_if(this > min_tmp) then min + 5',77.52
Noida,36,Syntax error in formula '__legacy_if(this > min_tmp) then min + 5',33.04
Gurgaon,25,Syntax error in formula '__legacy_if(this > min_tmp) then min + 5',32.83
Faridabad,34,Syntax error in formula '__legacy_if(this > min_tmp) then min + 5',37.24
Noida,44,Syntax error in formula '__legacy_if(this > min_tmp) then min + 5',86.25
Faridabad,33,Syntax error in formula '__legacy_if(this > min_tmp) then min + 5',36.41
Faridabad,21,Syntax error in formula '__legacy_if(this > min_tmp) then min + 5',65.84
Faridabad,20,Syntax error in formula '__legacy_if(this > min_tmp) then min + 5',71.57
Noida,45,Syntax error in formula '__legacy_if(this > min_tmp) then min + 5',32.83
Noida,32,Syntax error in formula '__legacy_if(this > min_tmp) then min + 5',72.12
Faridabad,24,Syntax error in formula '__legacy_if(this > min_tmp) then min + 5',56.48
Faridabad,24,Syntax error in formula '__legacy_if(this > min_tmp) then min + 5',27.71
New Delhi,22,Syntax error in formula '__legacy_if(this > min_tmp) then min + 5',59.4
New Delhi,27,Syntax error in formula '__legacy_if(this > min_tmp) then min + 5',38.16
New Delhi,23,Syntax error in formula '__legacy_if(this > min_tmp) then min + 5',58.4
Noida,45,Syntax error in formula '__legacy_if(this > min_tmp) then min + 5',55.57
Noida,44,Syntax error in formula '__legacy_if(this > min_tmp) then min + 5',61.46
New Delhi,20,Syntax error in formula '__legacy_if(this > min_tmp) then min + 5',36.01
Gurgaon,44,Syntax error in formula '__legacy_if(this > min_tmp) then min + 5',48.01
Delhi,42,Syntax error in formula '__legacy_if(this > min_tmp) then min + 5',52.91
New Delhi,21,Syntax error in formula '__legacy_if(this > min_tmp) then min + 5',30.22
Noida,37,Syntax error in formula '__legacy_if(this > min_tmp) then min + 5',88.48
Delhi,20,Syntax error in formula '__legacy_if(this > min_tmp) then min + 5',47.43
Gurgaon,45,Syntax error in formula '__legacy_if(this > min_tmp) then min + 5',46.13
Gurgaon,40,Syntax error in formula '__legacy_if(this > min_tmp) then min + 5',86.57
New Delhi,20,Syntax error in formula '__legacy_if(this > min_tmp) then min + 5',40.98
Faridabad,35,Syntax error in formula '__legacy_if(this > min_tmp) then min + 5',39.48
New Delhi,44,Syntax error in formula '__legacy_if(this > min_tmp) then min + 5',57.12
New Delhi,27,Syntax error in formula '__legacy_if(this > min_tmp) then min + 5',60.27
Noida,45,Syntax error in formula '__legacy_if(this > min_tmp) then min + 5',43.64
Delhi,32,Syntax error in formula '__legacy_if(this > min_tmp) then min + 5',74.1
Faridabad,36,Syntax error in formula '__legacy_if(this > min_tmp) then min + 5',24.36
New Delhi,35,Syntax error in formula '__legacy_if(this > min_tmp) then min + 5',43.3
New Delhi,35,Syntax error in formula '__legacy_if(this > min_tmp) then min + 5',47.6
Gurgaon,32,Syntax error in formula '__legacy_if(this > min_tmp) then min + 5',23.59
Delhi,42,Syntax error in formula '__legacy_if(this > min_tmp) then min + 5',51.66
Faridabad,24,Syntax error in formula '__legacy_if(this > min_tmp) then min + 5',36.3
